quantity,price,expiry_days,temperature,day_of_week,is_weekend,predicted_demand,risk_level,recommended_action,product_encoded
0.09999999999999998,0.9400000000000002,0.022727272727272724,0.05631789594053744,2,0,43,MEDIUM,Apply 10-15% discount,3
0.006666666666666654,0.05500000000000001,0.022727272727272724,0.6223556317895941,5,1,37,MEDIUM,Apply 10-15% discount,2
0.7933333333333333,0.195,0.0,0.1106346483704974,1,0,129,HIGH,Apply 25% discount + Send to NGO,5
0.15999999999999998,0.245,0.011363636363636364,0.12092624356775299,6,1,65,HIGH,Apply 25% discount + Send to NGO,5
0.9133333333333334,0.175,0.0,0.6392224128073184,5,1,180,HIGH,Apply 25% discount + Send to NGO,1
0.09999999999999998,0.235,0.875,0.6226415094339622,6,1,42,LOW,Normal selling,6
0.12,0.335,0.05681818181818181,0.2681532304173813,1,0,45,LOW,Normal selling,4
0.43333333333333335,0.175,0.011363636363636364,0.6538021726700971,0,0,111,HIGH,Apply 25% discount + Send to NGO,1
0.2866666666666666,0.255,0.07954545454545454,0.14722698684962834,2,0,90,LOW,Normal selling,4
0.21999999999999997,0.285,0.011363636363636364,0.5357347055460263,0,0,58,HIGH,Apply 25% discount + Send to NGO,1
0.7800000000000001,0.19,0.05681818181818181,0.48170383076043444,5,1,119,LOW,Normal selling,7
0.4866666666666667,0.56,0.03409090909090909,0.45140080045740416,2,0,59,LOW,Normal selling,0
0.6,0.345,0.8977272727272728,0.6212121212121211,5,1,62,LOW,Normal selling,6
0.3533333333333334,0.2,0.7272727272727273,0.6941109205260148,4,0,46,LOW,Normal selling,6
0.4666666666666667,0.52,0.0,0.5085763293310464,0,0,61,HIGH,Apply 25% discount + Send to NGO,0
0.16666666666666663,0.0050000000000000044,0.03409090909090909,0.5437392795883362,0,0,60,LOW,Normal selling,2
0.7066666666666667,0.29,0.5795454545454546,0.9614065180102915,0,0,64,LOW,Normal selling,6
0.9600000000000001,0.24,0.045454545454545456,0.36535162950257283,0,0,159,LOW,Normal selling,1
0.013333333333333308,0.515,0.03409090909090909,0.5500285877644367,4,0,29,LOW,Normal selling,0
0.6466666666666667,0.02500000000000001,0.011363636363636364,0.6466552315608919,0,0,102,HIGH,Apply 25% discount + Send to NGO,2
0.2466666666666667,0.89,0.0,0.061749571183533435,1,0,63,HIGH,Apply 25% discount + Send to NGO,3
0.7533333333333333,0.49000000000000005,0.022727272727272724,0.4279588336192109,2,0,112,MEDIUM,Apply 10-15% discount,0
0.5266666666666667,0.21000000000000002,0.03409090909090909,0.08662092624356774,4,0,93,LOW,Normal selling,5
0.33333333333333337,0.2,0.045454545454545456,0.5591766723842195,1,0,61,LOW,Normal selling,7
0.5866666666666667,0.15500000000000003,0.0,0.6449399656946826,6,1,99,HIGH,Apply 25% discount + Send to NGO,7
0.66,0.265,0.045454545454545456,0.4794168096054888,6,1,115,LOW,Normal selling,1
0.06,0.22499999999999998,0.6590909090909092,0.8284734133790737,2,0,22,LOW,Normal selling,6
0.31999999999999995,0.15500000000000003,0.022727272727272724,0.4293882218410519,4,0,105,MEDIUM,Apply 10-15% discount,1
0.45999999999999996,0.18,0.03409090909090909,0.06003430531732418,5,1,89,LOW,Normal selling,5
0.40666666666666673,0.22999999999999998,0.011363636363636364,0.45368782161234983,6,1,127,MEDIUM,Apply 10-15% discount,1
0.5333333333333333,0.31,0.5340909090909091,0.7741566609491137,4,0,46,LOW,Normal selling,6
0.32666666666666666,0.12000000000000001,0.03409090909090909,0.5560320182961692,2,0,53,LOW,Normal selling,2
0.54,0.08,0.022727272727272724,0.6509433962264151,2,0,69,MEDIUM,Apply 10-15% discount,2
0.9533333333333335,0.12000000000000001,0.011363636363636364,0.4365351629502572,1,0,110,HIGH,Apply 25% discount + Send to NGO,7
0.14,0.37,0.06818181818181818,0.17295597484276726,1,0,49,LOW,Normal selling,4
0.9866666666666667,0.06500000000000002,0.022727272727272724,0.7066895368782161,4,0,115,MEDIUM,Apply 10-15% discount,2
0.7800000000000001,0.345,0.4090909090909091,0.8713550600343052,5,1,91,LOW,Normal selling,6
0.0733333333333333,0.13,0.03409090909090909,0.6094911377930244,6,1,45,LOW,Normal selling,7
0.7333333333333333,0.8650000000000001,0.022727272727272724,0.03201829616923956,5,1,97,MEDIUM,Apply 10-15% discount,3
0.9466666666666667,0.21999999999999997,0.4545454545454546,0.5806174957118353,6,1,94,LOW,Normal selling,6
0.18000000000000005,0.535,0.06818181818181818,0.3807890222984562,6,1,44,LOW,Normal selling,0
0.3866666666666667,0.37,0.09090909090909091,0.14522584333905086,6,1,99,LOW,Normal selling,4
0.9600000000000001,0.515,0.03409090909090909,0.5291595197255574,6,1,147,LOW,Normal selling,0
0.8333333333333334,0.36,0.03409090909090909,0.26672384219554024,1,0,131,LOW,Normal selling,4
0.7666666666666667,0.35,0.07954545454545454,0.13093196112064034,2,0,119,LOW,Normal selling,4
0.7400000000000001,0.26,0.045454545454545456,0.1520869068038879,4,0,135,LOW,Normal selling,4
0.6,0.885,0.022727272727272724,0.0331618067467124,0,0,86,MEDIUM,Apply 10-15% discount,3
0.66,0.555,0.06818181818181818,0.4168096054888507,4,0,65,LOW,Normal selling,0
0.9400000000000001,0.18,0.03409090909090909,0.6137793024585477,4,0,109,LOW,Normal selling,7
0.7400000000000001,0.105,0.011363636363636364,0.5460263007432818,0,0,81,HIGH,Apply 25% discount + Send to NGO,2
0.44666666666666666,0.255,0.7272727272727273,0.9974271012006859,4,0,42,LOW,Normal selling,6
0.3666666666666667,0.15500000000000003,0.0,0.6106346483704974,6,1,136,MEDIUM,Apply 10-15% discount,1
0.7400000000000001,0.35,0.8068181818181819,0.9631217838765008,0,0,56,LOW,Normal selling,6
0.8933333333333334,0.295,0.011363636363636364,0.47112635791881063,5,1,182,HIGH,Apply 25% discount + Send to NGO,1
0.54,0.325,0.9090909090909092,0.7658662092624356,2,0,49,LOW,Normal selling,6
0.5800000000000001,0.22999999999999998,0.03409090909090909,0.35963407661520863,1,0,112,LOW,Normal selling,1
0.33999999999999997,0.125,0.03409090909090909,0.6297884505431675,0,0,70,LOW,Normal selling,7
0.026666666666666672,0.285,0.05681818181818181,0.24442538593481986,2,0,39,LOW,Normal selling,4
0.4,0.235,0.03409090909090909,0.10263007432818752,0,0,75,LOW,Normal selling,5
0.33999999999999997,0.10000000000000002,0.0,0.11549456832475698,3,0,100,HIGH,Apply 25% discount + Send to NGO,5
0.033333333333333326,0.54,0.03409090909090909,0.39079473985134355,2,0,24,LOW,Normal selling,0
0.12666666666666665,0.32,0.07954545454545454,0.17467124070897652,4,0,56,LOW,Normal selling,4
0.7200000000000001,0.55,0.03409090909090909,0.41252144082332753,4,0,63,LOW,Normal selling,0
0.33999999999999997,0.13,0.03409090909090909,0.5328759291023442,3,0,62,LOW,Normal selling,2
0.7266666666666667,0.355,0.045454545454545456,0.2069754145225843,6,1,131,LOW,Normal selling,4
0.64,0.325,0.75,0.921383647798742,1,0,61,LOW,Normal selling,6
0.88,0.345,0.5113636363636364,0.593767867352773,0,0,59,LOW,Normal selling,6
0.7200000000000001,0.275,0.022727272727272724,0.4345340194396798,0,0,140,MEDIUM,Apply 10-15% discount,1
0.17333333333333334,0.265,0.03409090909090909,0.37135506003430524,5,1,75,LOW,Normal selling,1
0.3466666666666667,0.47500000000000003,0.05681818181818181,0.46598056032018287,0,0,64,LOW,Normal selling,0
0.44666666666666666,0.08,0.045454545454545456,0.5263007432818754,4,0,67,LOW,Normal selling,2
0.7266666666666667,0.8600000000000001,0.022727272727272724,0.04774156660949113,5,1,105,MEDIUM,Apply 10-15% discount,3
0.31333333333333335,0.3,0.29545454545454547,0.9568324757004,5,1,41,LOW,Normal selling,6
0.8533333333333334,0.8650000000000001,0.0,0.1103487707261292,6,1,124,HIGH,Apply 25% discount + Send to NGO,3
0.5333333333333333,0.135,0.045454545454545456,0.5154373927958833,6,1,75,LOW,Normal selling,2
0.9800000000000001,0.32,0.7727272727272727,0.597770154373928,2,0,63,LOW,Normal selling,6
0.5066666666666667,0.8550000000000001,0.0,0.06403659233847911,3,0,88,HIGH,Apply 25% discount + Send to NGO,3
0.9066666666666666,0.235,0.03409090909090909,0.15294453973699254,2,0,125,LOW,Normal selling,5
0.006666666666666654,0.25,0.05681818181818181,0.18667810177244135,1,0,49,LOW,Normal selling,4
0.5266666666666667,0.10000000000000002,0.05681818181818181,0.4882790165809033,3,0,91,LOW,Normal selling,7
0.0733333333333333,0.5850000000000001,0.06818181818181818,0.29702687249857057,3,0,24,LOW,Normal selling,0
0.09999999999999998,0.135,0.011363636363636364,0.45940537449971397,2,0,40,HIGH,Apply 25% discount + Send to NGO,7
0.1333333333333333,0.185,0.011363636363636364,0.46340766152086893,6,1,57,HIGH,Apply 25% discount + Send to NGO,7
0.6066666666666667,0.06999999999999999,0.0,0.6609491137793023,2,0,86,HIGH,Apply 25% discount + Send to NGO,7
0.6933333333333335,0.22999999999999998,0.44318181818181823,0.786735277301315,0,0,72,LOW,Normal selling,6
0.19999999999999996,0.325,0.07954545454545454,0.16952544311034876,6,1,70,LOW,Normal selling,4
0.9066666666666666,0.275,0.5,0.8284734133790737,6,1,92,LOW,Normal selling,6
0.36,0.05,0.0,0.6795311606632362,4,0,64,HIGH,Apply 25% discount + Send to NGO,7
0.09999999999999998,0.47000000000000003,0.011363636363636364,0.4419668381932532,5,1,56,HIGH,Apply 25% discount + Send to NGO,0
0.08000000000000002,0.5800000000000001,0.045454545454545456,0.5102915951972555,0,0,28,LOW,Normal selling,0
0.14666666666666667,0.21999999999999997,0.6818181818181819,0.6921097770154373,5,1,49,LOW,Normal selling,6
1.0,0.185,0.0,0.7009719839908519,3,0,144,HIGH,Apply 25% discount + Send to NGO,1
0.7733333333333333,0.345,0.5113636363636364,0.9674099485420239,2,0,60,LOW,Normal selling,6
0.9333333333333335,0.36,0.05681818181818181,0.2429959977129788,2,0,120,LOW,Normal selling,4
0.52,0.08,0.022727272727272724,0.5711835334476844,2,0,69,MEDIUM,Apply 10-15% discount,2
0.8533333333333334,0.06500000000000002,0.022727272727272724,0.5963407661520869,0,0,146,MEDIUM,Apply 10-15% discount,7
0.12,0.16499999999999998,0.022727272727272724,0.5837621497998856,6,1,45,MEDIUM,Apply 10-15% discount,7
0.7333333333333333,0.13,0.03409090909090909,0.5648942252715837,5,1,100,LOW,Normal selling,2
0.7200000000000001,0.295,0.07954545454545454,0.14179531160663233,5,1,170,LOW,Normal selling,4
0.19999999999999996,0.09500000000000001,0.011363636363636364,0.6092052601486563,4,0,38,HIGH,Apply 25% discount + Send to NGO,2
0.8333333333333334,0.5850000000000001,0.045454545454545456,0.44225271583762144,4,0,73,LOW,Normal selling,0
0.31999999999999995,0.16499999999999998,0.045454545454545456,0.06803887935963407,2,0,87,LOW,Normal selling,5
0.3733333333333333,0.11,0.03409090909090909,0.5506003430531732,2,0,57,LOW,Normal selling,2
0.0733333333333333,0.3,0.09090909090909091,0.24899942824471125,2,0,40,LOW,Normal selling,4
0.7933333333333333,0.315,0.045454545454545456,0.11778158947970266,2,0,154,LOW,Normal selling,4
0.23333333333333328,0.14500000000000002,0.022727272727272724,0.11720983419096626,2,0,54,MEDIUM,Apply 10-15% discount,5
0.8733333333333334,0.21999999999999997,0.011363636363636364,0.12893081761006286,4,0,116,HIGH,Apply 25% discount + Send to NGO,5
0.9533333333333335,0.385,0.07954545454545454,0.20297312750142935,1,0,114,LOW,Normal selling,4
1.0,0.21499999999999997,0.46590909090909094,0.9822755860491708,4,0,83,LOW,Normal selling,6
0.6866666666666666,0.21499999999999997,0.0,0.1435105774728416,4,0,108,HIGH,Apply 25% discount + Send to NGO,5
0.8733333333333334,0.305,0.06818181818181818,0.14293882218410517,6,1,183,LOW,Normal selling,4
0.10666666666666663,0.9650000000000001,0.011363636363636364,0.043453401943967976,6,1,51,HIGH,Apply 25% discount + Send to NGO,3
0.5866666666666667,0.35,0.75,0.6609491137793023,4,0,43,LOW,Normal selling,6
0.22666666666666668,0.11,0.011363636363636364,0.7061177815894797,1,0,50,HIGH,Apply 25% discount + Send to NGO,2
0.42000000000000004,0.14500000000000002,0.03409090909090909,0.15666094911377929,1,0,83,LOW,Normal selling,5
0.33999999999999997,0.3,0.4090909090909091,0.698399085191538,2,0,49,LOW,Normal selling,6
0.3866666666666667,0.895,0.0,0.00771869639794168,1,0,70,HIGH,Apply 25% discount + Send to NGO,3
0.3666666666666667,0.24,0.011363636363636364,0.14179531160663233,3,0,69,HIGH,Apply 25% discount + Send to NGO,5
0.31333333333333335,0.235,0.022727272727272724,0.13664951400800454,0,0,60,MEDIUM,Apply 10-15% discount,5
0.9133333333333334,0.26,0.8977272727272728,0.7761578044596912,0,0,75,LOW,Normal selling,6
0.40666666666666673,0.56,0.045454545454545456,0.5311606632361349,0,0,50,LOW,Normal selling,0
0.56,0.55,0.011363636363636364,0.5686106346483704,0,0,66,HIGH,Apply 25% discount + Send to NGO,0
0.41333333333333333,0.05500000000000001,0.05681818181818181,0.5383076043453402,1,0,85,LOW,Normal selling,7
0.09999999999999998,0.35,0.06818181818181818,0.17924528301886788,4,0,45,LOW,Normal selling,4
0.18666666666666665,0.36,0.045454545454545456,0.12035448827901656,6,1,73,LOW,Normal selling,4
0.7066666666666667,0.915,0.011363636363636364,0.014293882218410518,2,0,113,HIGH,Apply 25% discount + Send to NGO,3
0.09999999999999998,0.385,0.07954545454545454,0.12064036592338478,3,0,41,LOW,Normal selling,4
0.40666666666666673,0.515,0.06818181818181818,0.3667810177244139,2,0,48,LOW,Normal selling,0
0.5,0.135,0.0,0.7095483133218982,3,0,67,HIGH,Apply 25% discount + Send to NGO,7
0.66,0.19,0.022727272727272724,0.49199542595768997,4,0,80,MEDIUM,Apply 10-15% discount,7
0.29333333333333333,0.375,0.10227272727272728,0.19296740994854197,6,1,75,LOW,Normal selling,4
0.09333333333333332,0.295,0.0,0.6103487707261291,3,0,36,HIGH,Apply 25% discount + Send to NGO,1
0.15333333333333332,0.5700000000000001,0.045454545454545456,0.5297312750142938,6,1,43,LOW,Normal selling,0
0.7533333333333333,0.5900000000000001,0.022727272727272724,0.33476272155517434,1,0,78,MEDIUM,Apply 10-15% discount,0
0.20666666666666667,0.885,0.0,0.08490566037735847,2,0,61,HIGH,Apply 25% discount + Send to NGO,3
0.046666666666666634,0.19,0.03409090909090909,0.06289308176100628,3,0,31,LOW,Normal selling,5
0.1333333333333333,0.385,0.045454545454545456,0.24957118353344765,5,1,57,LOW,Normal selling,4
0.31999999999999995,0.45,0.06818181818181818,0.4136649514008004,5,1,73,LOW,Normal selling,0
0.06,0.115,0.011363636363636364,0.15551743853630642,3,0,46,HIGH,Apply 25% discount + Send to NGO,5
0.32666666666666666,0.6000000000000001,0.022727272727272724,0.3739279588336191,3,0,42,MEDIUM,Apply 10-15% discount,0
0.7133333333333333,0.21000000000000002,0.022727272727272724,0.16952544311034876,0,0,93,MEDIUM,Apply 10-15% discount,5
0.5333333333333333,0.52,0.06818181818181818,0.338479130931961,5,1,79,LOW,Normal selling,0
0.7999999999999999,0.5900000000000001,0.06818181818181818,0.3810748999428244,5,1,99,LOW,Normal selling,0
0.013333333333333308,0.20500000000000002,0.5,0.6758147512864493,6,1,36,LOW,Normal selling,6
0.22666666666666668,0.15500000000000003,0.022727272727272724,0.09862778730703257,4,0,67,MEDIUM,Apply 10-15% discount,5
0.8066666666666668,0.14,0.0,0.62778730703259,5,1,132,HIGH,Apply 25% discount + Send to NGO,7
0.7533333333333333,0.3,0.011363636363636364,0.6518010291595197,4,0,122,HIGH,Apply 25% discount + Send to NGO,1
0.26,0.115,0.03409090909090909,0.06375071469411091,0,0,57,LOW,Normal selling,5
0.4666666666666667,0.255,0.022727272727272724,0.47341337907375636,5,1,110,MEDIUM,Apply 10-15% discount,1
0.82,0.21999999999999997,0.5795454545454546,0.9305317324185248,0,0,100,LOW,Normal selling,6
0.5800000000000001,0.135,0.03409090909090909,0.11978273299028014,6,1,142,LOW,Normal selling,5
0.14666666666666667,0.16999999999999998,0.0,0.5757575757575757,6,1,52,HIGH,Apply 25% discount + Send to NGO,7
0.52,0.085,0.022727272727272724,0.6154945683247569,1,0,75,MEDIUM,Apply 10-15% discount,7
0.5666666666666667,0.24,0.5113636363636364,0.6672384219554031,2,0,62,LOW,Normal selling,6
0.09333333333333332,0.20500000000000002,0.9545454545454546,0.5874785591766724,6,1,42,LOW,Normal selling,6
0.30666666666666664,0.5700000000000001,0.03409090909090909,0.3987993138936535,0,0,39,LOW,Normal selling,0
0.16666666666666663,0.195,0.05681818181818181,0.4985706117781588,4,0,43,LOW,Normal selling,7
0.6666666666666666,0.09500000000000001,0.0,0.6457975986277873,3,0,107,HIGH,Apply 25% discount + Send to NGO,7
0.4,0.26,0.045454545454545456,0.12435677530017152,2,0,115,LOW,Normal selling,4
0.026666666666666672,0.29,0.022727272727272724,0.6146369353916523,3,0,37,MEDIUM,Apply 10-15% discount,1
1.0,0.185,0.03409090909090909,0.36849628359062314,0,0,182,LOW,Normal selling,1
0.16666666666666663,0.24,0.0,0.08118925100057174,4,0,53,HIGH,Apply 25% discount + Send to NGO,5
0.8666666666666668,0.20500000000000002,0.0,0.5674671240708976,2,0,123,HIGH,Apply 25% discount + Send to NGO,1
0.6333333333333333,0.26,0.06818181818181818,0.1881074899942824,5,1,182,LOW,Normal selling,4
0.6533333333333333,0.36,0.045454545454545456,0.20840480274442535,0,0,106,LOW,Normal selling,4
0.42666666666666664,0.255,0.0,0.6109205260148656,3,0,78,HIGH,Apply 25% discount + Send to NGO,1
0.4,0.5900000000000001,0.0,0.5334476843910806,0,0,48,HIGH,Apply 25% discount + Send to NGO,0
0.31999999999999995,0.16499999999999998,0.022727272727272724,0.5305889079473984,3,0,62,MEDIUM,Apply 10-15% discount,7
0.44666666666666666,0.285,0.045454545454545456,0.28330474556889645,3,0,109,LOW,Normal selling,4
0.06,0.345,0.3863636363636364,0.8421955403087478,1,0,23,LOW,Normal selling,6
0.32666666666666666,0.10000000000000002,0.022727272727272724,0.7032590051457975,5,1,73,MEDIUM,Apply 10-15% discount,7
0.5133333333333333,0.96,0.011363636363636364,0.11234991423670666,5,1,68,HIGH,Apply 25% discount + Send to NGO,3
0.8466666666666668,0.4,0.05681818181818181,0.2155517438536306,0,0,102,LOW,Normal selling,4
0.4666666666666667,0.325,0.5909090909090909,0.9016580903373356,0,0,48,LOW,Normal selling,6
0.8933333333333334,0.56,0.0,0.5440251572327044,2,0,83,HIGH,Apply 25% discount + Send to NGO,0
0.3533333333333334,0.185,0.011363636363636364,0.5331618067467123,4,0,87,HIGH,Apply 25% discount + Send to NGO,1
0.92,0.925,0.0,0.005431675242995997,6,1,142,HIGH,Apply 25% discount + Send to NGO,3
0.9333333333333335,0.16999999999999998,0.045454545454545456,0.5400228702115494,3,0,120,LOW,Normal selling,7
0.7466666666666667,0.21000000000000002,0.011363636363636364,0.611492281303602,6,1,164,MEDIUM,Apply 10-15% discount,1
0.6,0.21000000000000002,0.0,0.08404802744425384,4,0,97,HIGH,Apply 25% discount + Send to NGO,5
0.31999999999999995,0.15000000000000002,0.0,0.6186392224128072,0,0,51,HIGH,Apply 25% discount + Send to NGO,2
0.6533333333333333,0.6000000000000001,0.03409090909090909,0.3036020583190394,4,0,57,LOW,Normal selling,0
0.8133333333333334,0.51,0.045454545454545456,0.35820468839336755,3,0,75,LOW,Normal selling,0
0.38,0.345,0.5681818181818182,0.6775300171526586,0,0,34,LOW,Normal selling,6
0.8333333333333334,0.05,0.0,0.6921097770154373,3,0,135,HIGH,Apply 25% discount + Send to NGO,7
0.0733333333333333,0.27999999999999997,0.022727272727272724,0.2790165809033733,1,0,57,MEDIUM,Apply 10-15% discount,4
0.36,0.06999999999999999,0.022727272727272724,0.5303030303030303,4,0,52,MEDIUM,Apply 10-15% discount,2
0.15999999999999998,0.05500000000000001,0.05681818181818181,0.6072041166380788,1,0,56,LOW,Normal selling,2
0.11333333333333334,0.305,0.10227272727272728,0.1626643796455117,3,0,42,LOW,Normal selling,4
0.6933333333333335,0.22499999999999998,0.011363636363636364,0.10891938250428813,3,0,87,HIGH,Apply 25% discount + Send to NGO,5
0.22666666666666668,0.48500000000000004,0.06818181818181818,0.3673527730131503,6,1,52,LOW,Normal selling,0
0.9466666666666667,0.36,0.09090909090909091,0.21869639794168091,4,0,109,LOW,Normal selling,4
0.7200000000000001,0.22999999999999998,0.022727272727272724,0.5343053173241852,2,0,119,MEDIUM,Apply 10-15% discount,1
0.29333333333333333,0.075,0.022727272727272724,0.7121212121212122,4,0,61,MEDIUM,Apply 10-15% discount,2
0.5800000000000001,0.455,0.03409090909090909,0.5634648370497426,6,1,116,LOW,Normal selling,0
0.9866666666666667,0.09000000000000001,0.022727272727272724,0.6303602058319039,1,0,96,MEDIUM,Apply 10-15% discount,2
0.8533333333333334,0.545,0.022727272727272724,0.38822184105202967,1,0,77,MEDIUM,Apply 10-15% discount,0
0.3533333333333334,0.97,0.022727272727272724,0.05546026300743281,3,0,56,MEDIUM,Apply 10-15% discount,3
0.5266666666666667,0.25,0.03409090909090909,0.42138364779874204,4,0,95,LOW,Normal selling,1
0.84,0.39,0.06818181818181818,0.23870783304745563,2,0,126,LOW,Normal selling,4
0.9600000000000001,0.19,0.0,0.7078330474556889,1,0,139,HIGH,Apply 25% discount + Send to NGO,1
0.8466666666666668,0.34,0.07954545454545454,0.11578044596912518,0,0,151,LOW,Normal selling,4
0.7933333333333333,0.305,0.5568181818181819,0.9253859348198971,4,0,62,LOW,Normal selling,6
0.17333333333333334,0.0050000000000000044,0.011363636363636364,0.7084048027444253,4,0,50,HIGH,Apply 25% discount + Send to NGO,2
0.6866666666666666,0.0,0.022727272727272724,0.7024013722126928,6,1,130,MEDIUM,Apply 10-15% discount,2
0.5,0.375,0.06818181818181818,0.2721555174385362,6,1,122,LOW,Normal selling,4
0.88,0.905,0.011363636363636364,0.09348198970840478,1,0,103,HIGH,Apply 25% discount + Send to NGO,3
0.15999999999999998,0.365,0.045454545454545456,0.1795311606632361,1,0,57,LOW,Normal selling,4
0.9600000000000001,0.9400000000000002,0.0,0.042595769010863344,2,0,118,HIGH,Apply 25% discount + Send to NGO,3
0.5533333333333333,0.36,0.07954545454545454,0.1352201257861635,5,1,121,LOW,Normal selling,4
0.7666666666666667,0.16999999999999998,0.0,0.688965122927387,3,0,115,HIGH,Apply 25% discount + Send to NGO,1
0.5333333333333333,0.14500000000000002,0.03409090909090909,0.6309319611206403,5,1,79,LOW,Normal selling,2
0.013333333333333308,0.255,0.7045454545454546,0.7595769010863349,2,0,20,LOW,Normal selling,6
0.48,0.315,0.05681818181818181,0.2267009719839908,2,0,94,LOW,Normal selling,4
0.48,0.27,0.0,0.6975414522584333,0,0,83,HIGH,Apply 25% discount + Send to NGO,1
0.62,0.105,0.03409090909090909,0.588336192109777,5,1,115,LOW,Normal selling,2
0.7733333333333333,0.19,0.011363636363636364,0.4894225271583761,2,0,95,HIGH,Apply 25% discount + Send to NGO,7
0.33999999999999997,0.325,0.022727272727272724,0.28473413379073753,3,0,83,MEDIUM,Apply 10-15% discount,4
0.14666666666666667,0.27999999999999997,0.045454545454545456,0.3676386506575185,5,1,74,LOW,Normal selling,1
0.2466666666666667,0.5650000000000001,0.05681818181818181,0.36249285305889073,4,0,50,LOW,Normal selling,0
0.48,0.24,0.022727272727272724,0.082904516866781,1,0,73,MEDIUM,Apply 10-15% discount,5
0.18666666666666665,0.22499999999999998,0.045454545454545456,0.4914236706689536,6,1,70,LOW,Normal selling,1
0.18666666666666665,0.9300000000000002,0.0,0.012578616352201257,6,1,53,HIGH,Apply 25% discount + Send to NGO,3
0.6,0.32,0.045454545454545456,0.2258433390508862,0,0,113,LOW,Normal selling,4
0.8733333333333334,0.32,0.42045454545454547,0.8953687821612348,2,0,86,LOW,Normal selling,6
0.7200000000000001,0.25,0.045454545454545456,0.06146369353916523,4,0,92,LOW,Normal selling,5
0.8466666666666668,0.20500000000000002,0.03409090909090909,0.3613493424814179,1,0,123,LOW,Normal selling,1
0.5066666666666667,0.525,0.022727272727272724,0.45368782161234983,1,0,61,MEDIUM,Apply 10-15% discount,0
0.4,0.12000000000000001,0.045454545454545456,0.5809033733562035,0,0,72,LOW,Normal selling,2
0.54,0.265,0.0,0.6823899371069182,6,1,123,HIGH,Apply 25% discount + Send to NGO,1
0.9333333333333335,0.11,0.045454545454545456,0.6640937678673526,5,1,150,LOW,Normal selling,2
0.11333333333333334,0.14500000000000002,0.0,0.12778730703259003,1,0,58,HIGH,Apply 25% discount + Send to NGO,5
0.48,0.06000000000000001,0.03409090909090909,0.5200114351057746,6,1,112,LOW,Normal selling,2
0.08666666666666667,0.21000000000000002,0.0,0.1349342481417953,2,0,34,HIGH,Apply 25% discount + Send to NGO,5
0.7133333333333333,0.10000000000000002,0.011363636363636364,0.4302458547741566,5,1,126,HIGH,Apply 25% discount + Send to NGO,7
0.20666666666666667,0.325,0.6931818181818182,0.777301315037164,1,0,37,LOW,Normal selling,6
0.66,0.32,0.5,0.8550600343053173,2,0,73,LOW,Normal selling,6
0.44000000000000006,0.5650000000000001,0.045454545454545456,0.497427101200686,0,0,50,LOW,Normal selling,0
0.8066666666666668,0.95,0.0,0.1106346483704974,2,0,104,HIGH,Apply 25% discount + Send to NGO,3
0.2666666666666667,0.285,0.0,0.6558033161806746,4,0,66,HIGH,Apply 25% discount + Send to NGO,1
0.5800000000000001,0.20500000000000002,0.5340909090909091,0.597770154373928,4,0,56,LOW,Normal selling,6
0.5666666666666667,0.5850000000000001,0.022727272727272724,0.37049742710120065,6,1,65,MEDIUM,Apply 10-15% discount,0
1.0,0.15500000000000003,0.022727272727272724,0.6758147512864493,3,0,143,MEDIUM,Apply 10-15% discount,7
0.9733333333333333,0.92,0.0,0.0497427101200686,0,0,113,HIGH,Apply 25% discount + Send to NGO,3
0.6466666666666667,0.135,0.011363636363636364,0.45140080045740416,5,1,118,HIGH,Apply 25% discount + Send to NGO,7
0.9466666666666667,0.10000000000000002,0.011363636363636364,0.6866781017724414,4,0,137,HIGH,Apply 25% discount + Send to NGO,7
0.7000000000000001,0.9450000000000001,0.011363636363636364,0.045740423098913664,4,0,98,HIGH,Apply 25% discount + Send to NGO,3
0.82,0.275,0.03409090909090909,0.5048599199542596,1,0,153,LOW,Normal selling,1
0.23333333333333328,0.235,0.045454545454545456,0.08776443682104057,1,0,46,LOW,Normal selling,5
0.21999999999999997,0.99,0.011363636363636364,0.05117209834190966,3,0,46,HIGH,Apply 25% discount + Send to NGO,3
0.8666666666666668,0.21000000000000002,0.03409090909090909,0.10263007432818752,5,1,160,LOW,Normal selling,5
0.12,0.29,0.6590909090909092,0.6149228130360205,4,0,30,LOW,Normal selling,6
0.7000000000000001,0.47000000000000003,0.03409090909090909,0.30703259005145794,1,0,91,LOW,Normal selling,0
0.14,0.21499999999999997,0.045454545454545456,0.37192681532304167,1,0,62,LOW,Normal selling,1
0.4866666666666667,0.9550000000000001,0.0,0.011435105774728414,1,0,59,HIGH,Apply 25% discount + Send to NGO,3
0.28,0.11,0.022727272727272724,0.12921669525443108,2,0,68,MEDIUM,Apply 10-15% discount,5
0.8133333333333334,0.35,0.09090909090909091,0.13579188107489992,4,0,99,LOW,Normal selling,4
0.42000000000000004,0.26,0.022727272727272724,0.6206403659233847,2,0,83,MEDIUM,Apply 10-15% discount,1
0.44000000000000006,0.24,0.0,0.16895368782161233,6,1,91,HIGH,Apply 25% discount + Send to NGO,5
0.2533333333333333,0.48000000000000004,0.0,0.5697541452258433,4,0,56,HIGH,Apply 25% discount + Send to NGO,0
0.7999999999999999,0.085,0.022727272727272724,0.5131503716409377,4,0,151,MEDIUM,Apply 10-15% discount,7
0.30666666666666664,0.14,0.011363636363636364,0.5628930817610063,4,0,62,HIGH,Apply 25% discount + Send to NGO,7
0.44666666666666666,0.315,0.045454545454545456,0.25414522584333904,3,0,104,LOW,Normal selling,4
0.9466666666666667,0.505,0.011363636363636364,0.5420240137221268,2,0,125,HIGH,Apply 25% discount + Send to NGO,0
0.62,0.2,0.045454545454545456,0.4368210405946254,1,0,84,LOW,Normal selling,7
0.82,0.24,0.022727272727272724,0.5100057175528874,2,0,108,MEDIUM,Apply 10-15% discount,1
0.08000000000000002,0.35,0.07954545454545454,0.2046883933676386,4,0,43,LOW,Normal selling,4
0.053333333333333344,0.06999999999999999,0.045454545454545456,0.5128644939965694,2,0,43,LOW,Normal selling,7
0.8133333333333334,0.10000000000000002,0.0,0.07632933104631216,1,0,165,HIGH,Apply 25% discount + Send to NGO,5
0.6666666666666666,0.05,0.022727272727272724,0.6415094339622641,0,0,120,MEDIUM,Apply 10-15% discount,2
0.033333333333333326,0.33,0.045454545454545456,0.12292738707833044,5,1,48,LOW,Normal selling,4
0.5133333333333333,0.92,0.0,0.08662092624356774,5,1,75,HIGH,Apply 25% discount + Send to NGO,3
0.5,0.375,0.10227272727272728,0.12750142938822182,0,0,67,LOW,Normal selling,4
0.5933333333333334,0.47500000000000003,0.011363636363636364,0.4365351629502572,0,0,96,HIGH,Apply 25% discount + Send to NGO,0
0.9800000000000001,0.4,0.06818181818181818,0.23499142367066891,3,0,132,LOW,Normal selling,4
0.7866666666666667,0.125,0.011363636363636364,0.11835334476843909,0,0,133,HIGH,Apply 25% discount + Send to NGO,5
0.9533333333333335,0.51,0.045454545454545456,0.38879359634076605,6,1,110,LOW,Normal selling,0
0.6666666666666666,0.20500000000000002,0.03409090909090909,0.15065751858204687,4,0,116,LOW,Normal selling,5
0.019999999999999962,0.0050000000000000044,0.011363636363636364,0.7006861063464837,5,1,42,HIGH,Apply 25% discount + Send to NGO,2
0.68,0.97,0.0,0.08662092624356774,1,0,81,HIGH,Apply 25% discount + Send to NGO,3
0.31999999999999995,0.52,0.045454545454545456,0.3173241852487135,1,0,48,LOW,Normal selling,0
0.8133333333333334,0.39,0.09090909090909091,0.1981132075471698,2,0,108,LOW,Normal selling,4
0.31999999999999995,0.31,0.045454545454545456,0.22955974842767288,3,0,84,LOW,Normal selling,4
0.7000000000000001,0.8600000000000001,0.0,0.05774728416237849,4,0,83,HIGH,Apply 25% discount + Send to NGO,3
0.006666666666666654,0.24,0.022727272727272724,0.5454545454545454,4,0,39,MEDIUM,Apply 10-15% discount,1
0.32666666666666666,0.105,0.022727272727272724,0.497427101200686,6,1,82,MEDIUM,Apply 10-15% discount,7
0.2733333333333333,0.39,0.05681818181818181,0.1883933676386506,2,0,50,LOW,Normal selling,4
0.026666666666666672,0.885,0.011363636363636364,0.1049170954831332,3,0,39,HIGH,Apply 25% discount + Send to NGO,3
0.54,0.035,0.0,0.6177815894797026,2,0,103,HIGH,Apply 25% discount + Send to NGO,2
0.17333333333333334,0.8800000000000001,0.0,0.11263579188107488,1,0,39,HIGH,Apply 25% discount + Send to NGO,3
0.5333333333333333,0.345,0.6704545454545455,0.611492281303602,3,0,41,LOW,Normal selling,6
0.6,0.21999999999999997,0.5795454545454546,0.9565465980560319,4,0,65,LOW,Normal selling,6
0.7733333333333333,0.25,0.09090909090909091,0.13350485991995423,1,0,124,LOW,Normal selling,4
0.7600000000000001,0.235,0.011363636363636364,0.6778158947970268,4,0,142,HIGH,Apply 25% discount + Send to NGO,1
0.18666666666666665,0.15000000000000002,0.022727272727272724,0.5331618067467123,4,0,56,MEDIUM,Apply 10-15% discount,1
0.013333333333333308,0.15500000000000003,0.011363636363636364,0.06375071469411091,6,1,47,HIGH,Apply 25% discount + Send to NGO,5
0.43333333333333335,0.195,0.05681818181818181,0.4931389365351629,1,0,54,LOW,Normal selling,7
0.5266666666666667,0.275,0.022727272727272724,0.5811892510005717,0,0,86,MEDIUM,Apply 10-15% discount,1
0.5733333333333334,0.305,0.8977272727272728,0.8956546598056031,2,0,45,LOW,Normal selling,6
0.23333333333333328,0.315,0.06818181818181818,0.2778730703259005,1,0,77,LOW,Normal selling,4
0.19999999999999996,0.135,0.0,0.15923384791309317,3,0,51,HIGH,Apply 25% discount + Send to NGO,5
0.7600000000000001,0.03,0.03409090909090909,0.6140651801029159,6,1,129,LOW,Normal selling,2
0.45333333333333337,0.8750000000000001,0.0,0.04459691252144082,3,0,59,HIGH,Apply 25% discount + Send to NGO,3
0.7733333333333333,0.14500000000000002,0.011363636363636364,0.5120068610634648,0,0,98,HIGH,Apply 25% discount + Send to NGO,7
0.23333333333333328,0.15000000000000002,0.045454545454545456,0.6255002858776443,4,0,66,LOW,Normal selling,7
0.44666666666666666,0.275,0.46590909090909094,0.81789594053745,5,1,73,LOW,Normal selling,6
0.7333333333333333,0.895,0.0,0.02572898799313893,2,0,85,HIGH,Apply 25% discount + Send to NGO,3
0.4,0.22499999999999998,0.8068181818181819,0.9591194968553459,4,0,49,LOW,Normal selling,6
0.54,0.98,0.0,0.07032590051457975,2,0,75,HIGH,Apply 25% discount + Send to NGO,3
0.15999999999999998,0.5950000000000001,0.022727272727272724,0.42624356775300165,6,1,36,MEDIUM,Apply 10-15% discount,0
0.54,0.21000000000000002,0.022727272727272724,0.15094339622641506,4,0,93,MEDIUM,Apply 10-15% discount,5
0.15333333333333332,0.05500000000000001,0.045454545454545456,0.5614636935391651,2,0,55,LOW,Normal selling,7
0.03999999999999998,0.3,0.5795454545454546,0.9556889651229272,2,0,20,LOW,Normal selling,6
0.24,0.105,0.045454545454545456,0.5351629502572899,6,1,67,LOW,Normal selling,2
0.29333333333333333,0.185,0.022727272727272724,0.41280731846769575,2,0,96,MEDIUM,Apply 10-15% discount,1
0.44000000000000006,0.345,0.045454545454545456,0.24985706117781586,6,1,114,LOW,Normal selling,4
0.10666666666666663,0.20500000000000002,0.5340909090909091,0.9356775300171526,0,0,29,LOW,Normal selling,6
0.019999999999999962,0.275,0.5681818181818182,0.7078330474556889,6,1,32,LOW,Normal selling,6
0.03999999999999998,0.26,0.07954545454545454,0.14265294453973695,4,0,54,LOW,Normal selling,4
0.88,0.16999999999999998,0.05681818181818181,0.5380217267009719,3,0,104,LOW,Normal selling,7
0.82,0.08,0.0,0.6946826758147512,0,0,123,HIGH,Apply 25% discount + Send to NGO,2
0.7400000000000001,0.2,0.5454545454545455,0.9802744425385933,5,1,97,LOW,Normal selling,6
0.3466666666666667,0.375,0.06818181818181818,0.1575185820468839,0,0,76,LOW,Normal selling,4
0.03999999999999998,0.19,0.045454545454545456,0.3856489422527158,3,0,46,LOW,Normal selling,1
0.026666666666666672,0.27999999999999997,0.0,0.640080045740423,0,0,42,HIGH,Apply 25% discount + Send to NGO,1
0.86,0.24,0.011363636363636364,0.14379645511720981,4,0,99,HIGH,Apply 25% discount + Send to NGO,5
0.06666666666666665,0.27,0.03409090909090909,0.2618639222412807,4,0,44,LOW,Normal selling,4
0.9800000000000001,0.95,0.011363636363636364,0.08404802744425384,1,0,125,HIGH,Apply 25% discount + Send to NGO,3
0.62,0.905,0.0,0.026014865637507142,4,0,78,HIGH,Apply 25% discount + Send to NGO,3
0.31999999999999995,0.275,0.045454545454545456,0.47226986849628355,0,0,72,LOW,Normal selling,1
0.9266666666666666,0.915,0.0,0.00743281875357347,0,0,100,HIGH,Apply 25% discount + Send to NGO,3
0.1333333333333333,0.16000000000000003,0.0,0.1463693539165237,5,1,71,MEDIUM,Apply 10-15% discount,5
0.006666666666666654,0.365,0.07954545454545454,0.15037164093767863,5,1,51,LOW,Normal selling,4
0.0,0.275,0.07954545454545454,0.2392795883361921,4,0,38,LOW,Normal selling,4
0.019999999999999962,0.8700000000000001,0.011363636363636364,0.02401372212692967,1,0,28,HIGH,Apply 25% discount + Send to NGO,3
0.5,0.295,0.09090909090909091,0.15551743853630642,0,0,79,LOW,Normal selling,4
0.52,0.27,0.022727272727272724,0.3604917095483132,4,0,102,MEDIUM,Apply 10-15% discount,1
0.9,0.8700000000000001,0.0,0.04431103487707261,0,0,146,HIGH,Apply 25% discount + Send to NGO,3
0.44000000000000006,0.395,0.06818181818181818,0.16895368782161233,0,0,89,LOW,Normal selling,4
0.5933333333333334,0.525,0.03409090909090909,0.5534591194968553,4,0,77,LOW,Normal selling,0
0.7066666666666667,0.355,0.09090909090909091,0.15951972555746138,5,1,120,LOW,Normal selling,4
0.3866666666666667,0.305,0.05681818181818181,0.1435105774728416,2,0,73,LOW,Normal selling,4
0.5466666666666666,0.21999999999999997,0.03409090909090909,0.09319611206403657,5,1,96,LOW,Normal selling,5
0.33333333333333337,0.54,0.045454545454545456,0.29045168667810173,3,0,42,LOW,Normal selling,0
0.9733333333333333,0.135,0.05681818181818181,0.561177815894797,3,0,108,LOW,Normal selling,2
0.45333333333333337,0.06000000000000001,0.045454545454545456,0.6389365351629502,1,0,69,LOW,Normal selling,2
0.82,0.15500000000000003,0.0,0.15265866209262433,4,0,134,HIGH,Apply 25% discount + Send to NGO,5
0.9800000000000001,0.375,0.06818181818181818,0.1572327044025157,0,0,147,LOW,Normal selling,4
0.9400000000000001,0.06500000000000002,0.03409090909090909,0.6123499142367066,2,0,115,LOW,Normal selling,2
1.0,0.91,0.011363636363636364,0.008862206975414521,4,0,143,HIGH,Apply 25% discount + Send to NGO,3
0.7533333333333333,0.22499999999999998,0.5681818181818182,0.8264722698684962,3,0,80,LOW,Normal selling,6
0.7066666666666667,0.13,0.0,0.06718124642652942,5,1,168,MEDIUM,Apply 10-15% discount,5
0.7733333333333333,0.505,0.045454545454545456,0.3121783876500857,6,1,122,LOW,Normal selling,0
0.5866666666666667,0.06999999999999999,0.03409090909090909,0.5428816466552315,0,0,104,LOW,Normal selling,2
0.9800000000000001,0.9400000000000002,0.022727272727272724,0.03916523727844482,4,0,108,MEDIUM,Apply 10-15% discount,3
0.3666666666666667,0.8750000000000001,0.022727272727272724,0.013150371640937675,4,0,62,MEDIUM,Apply 10-15% discount,3
0.033333333333333326,0.96,0.011363636363636364,0.06775300171526585,2,0,28,HIGH,Apply 25% discount + Send to NGO,3
0.03999999999999998,0.5900000000000001,0.011363636363636364,0.5288736420811893,4,0,29,HIGH,Apply 25% discount + Send to NGO,0
0.64,0.185,0.011363636363636364,0.6329331046312178,3,0,142,HIGH,Apply 25% discount + Send to NGO,1
0.26,0.46,0.022727272727272724,0.37049742710120065,4,0,43,MEDIUM,Apply 10-15% discount,0
0.0,0.275,0.045454545454545456,0.12978845054316748,4,0,34,LOW,Normal selling,4
0.3666666666666667,0.185,0.011363636363636364,0.6009148084619783,5,1,65,HIGH,Apply 25% discount + Send to NGO,7
0.9133333333333334,0.9950000000000001,0.022727272727272724,0.024299599771297878,3,0,98,MEDIUM,Apply 10-15% discount,3
0.9666666666666667,0.375,0.09090909090909091,0.25500285877644363,6,1,134,LOW,Normal selling,4
0.29333333333333333,0.9,0.0,0.021726700971983984,4,0,64,HIGH,Apply 25% discount + Send to NGO,3
0.64,0.075,0.011363636363636364,0.6669525443110348,0,0,108,HIGH,Apply 25% discount + Send to NGO,2
0.6133333333333334,0.95,0.011363636363636364,0.06317895940537449,0,0,75,HIGH,Apply 25% discount + Send to NGO,3
0.06666666666666665,0.35,0.8636363636363636,0.6906803887935963,4,0,23,LOW,Normal selling,6
0.6333333333333333,0.295,0.03409090909090909,0.5514579759862779,0,0,106,LOW,Normal selling,1
0.66,0.16999999999999998,0.03409090909090909,0.6300743281875357,4,0,97,LOW,Normal selling,7
0.14666666666666667,0.37,0.06818181818181818,0.1189251000571755,0,0,42,LOW,Normal selling,4
0.66,0.35,0.10227272727272728,0.1958261863922241,2,0,109,LOW,Normal selling,4
0.9800000000000001,0.14,0.022727272727272724,0.5500285877644367,5,1,143,MEDIUM,Apply 10-15% discount,2
0.12666666666666665,0.16000000000000003,0.011363636363636364,0.6323613493424813,1,0,43,HIGH,Apply 25% discount + Send to NGO,7
0.9133333333333334,0.255,0.7159090909090909,0.8896512292738706,2,0,84,LOW,Normal selling,6
0.7400000000000001,0.11,0.05681818181818181,0.5620354488279017,5,1,111,LOW,Normal selling,7
0.82,0.27,0.011363636363636364,0.6189251000571755,5,1,162,HIGH,Apply 25% discount + Send to NGO,1
0.013333333333333308,0.25,0.045454545454545456,0.07432818753573468,1,0,37,LOW,Normal selling,5
0.15999999999999998,0.29,0.9431818181818182,0.7081189251000571,2,0,27,LOW,Normal selling,6
0.7800000000000001,0.16999999999999998,0.0,0.6232132647226986,6,1,192,MEDIUM,Apply 10-15% discount,1
0.30000000000000004,0.6000000000000001,0.05681818181818181,0.47712978845054305,2,0,37,LOW,Normal selling,0
0.7933333333333333,0.9450000000000001,0.011363636363636364,0.07918810748999426,2,0,91,HIGH,Apply 25% discount + Send to NGO,3
0.62,0.175,0.045454545454545456,0.5245854774156661,1,0,75,LOW,Normal selling,7
0.14,0.315,0.07954545454545454,0.28216123499142365,5,1,65,LOW,Normal selling,4
0.4866666666666667,0.22499999999999998,0.011363636363636364,0.5185820468839336,5,1,107,HIGH,Apply 25% discount + Send to NGO,1
0.86,0.185,0.045454545454545456,0.06403659233847911,1,0,150,LOW,Normal selling,5
0.8666666666666668,0.56,0.06818181818181818,0.4033733562035448,2,0,94,LOW,Normal selling,0
0.56,0.19,0.022727272727272724,0.48627787307032583,1,0,81,MEDIUM,Apply 10-15% discount,7
0.19999999999999996,0.265,0.011363636363636364,0.5869068038879359,0,0,53,HIGH,Apply 25% discount + Send to NGO,1
0.019999999999999962,0.15500000000000003,0.011363636363636364,0.6720983419096626,4,0,28,HIGH,Apply 25% discount + Send to NGO,7
0.33333333333333337,0.295,0.045454545454545456,0.11578044596912518,5,1,77,LOW,Normal selling,4
0.3533333333333334,0.5650000000000001,0.011363636363636364,0.5291595197255574,3,0,41,HIGH,Apply 25% discount + Send to NGO,0
0.45333333333333337,0.08,0.0,0.6486563750714693,2,0,71,HIGH,Apply 25% discount + Send to NGO,7
0.45999999999999996,0.31,0.375,0.6526586620926242,3,0,42,LOW,Normal selling,6
0.26,0.465,0.03409090909090909,0.31875357347055455,0,0,59,LOW,Normal selling,0
0.21333333333333337,0.16499999999999998,0.0,0.6815323041738136,5,1,71,HIGH,Apply 25% discount + Send to NGO,1
0.8066666666666668,0.05,0.011363636363636364,0.5880503144654087,1,0,158,HIGH,Apply 25% discount + Send to NGO,7
0.0,0.105,0.022727272727272724,0.6586620926243567,2,0,39,MEDIUM,Apply 10-15% discount,7
0.45999999999999996,0.24,0.4772727272727273,0.9942824471126357,5,1,64,LOW,Normal selling,6
0.9333333333333335,0.245,0.0,0.08719268153230415,5,1,153,HIGH,Apply 25% discount + Send to NGO,5
0.8733333333333334,0.085,0.03409090909090909,0.6552315608919382,2,0,101,LOW,Normal selling,2
0.7600000000000001,0.48500000000000004,0.022727272727272724,0.5263007432818754,6,1,112,MEDIUM,Apply 10-15% discount,0
0.6933333333333335,0.375,0.06818181818181818,0.15094339622641506,1,0,117,LOW,Normal selling,4
0.18000000000000005,0.09000000000000001,0.022727272727272724,0.5737564322469982,4,0,38,MEDIUM,Apply 10-15% discount,2
0.54,0.33,0.05681818181818181,0.23098913664951395,0,0,117,LOW,Normal selling,4
0.18666666666666665,0.185,0.011363636363636364,0.3453401943967981,5,1,77,HIGH,Apply 25% discount + Send to NGO,1
0.7666666666666667,0.905,0.0,0.09233847913093195,0,0,109,HIGH,Apply 25% discount + Send to NGO,3
0.62,0.27999999999999997,0.06818181818181818,0.24699828473413377,1,0,95,LOW,Normal selling,4
0.3933333333333333,0.11,0.045454545454545456,0.6552315608919382,4,0,64,LOW,Normal selling,2
0.62,0.075,0.0,0.692967409948542,3,0,71,HIGH,Apply 25% discount + Send to NGO,2
0.38,1.0,0.011363636363636364,0.0691823899371069,4,0,55,HIGH,Apply 25% discount + Send to NGO,3
0.66,0.9,0.022727272727272724,0.026300743281875354,2,0,106,MEDIUM,Apply 10-15% discount,3
0.82,0.265,0.06818181818181818,0.1626643796455117,4,0,171,LOW,Normal selling,4
0.54,0.95,0.0,0.0022870211549456828,2,0,60,HIGH,Apply 25% discount + Send to NGO,3
0.9600000000000001,0.10000000000000002,0.05681818181818181,0.5971983990851915,1,0,134,LOW,Normal selling,2
0.17333333333333334,0.25,0.022727272727272724,0.06689536878216122,4,0,44,MEDIUM,Apply 10-15% discount,5
0.21999999999999997,0.8800000000000001,0.011363636363636364,0.0497427101200686,2,0,49,HIGH,Apply 25% discount + Send to NGO,3
0.6466666666666667,0.125,0.0,0.7024013722126928,3,0,111,HIGH,Apply 25% discount + Send to NGO,7
0.9600000000000001,0.32,0.10227272727272728,0.14779874213836475,0,0,134,LOW,Normal selling,4
0.44000000000000006,0.21499999999999997,0.0,0.1323613493424814,1,0,81,HIGH,Apply 25% discount + Send to NGO,5
0.19333333333333336,0.15000000000000002,0.045454545454545456,0.4694110920526014,2,0,72,LOW,Normal selling,1
0.23333333333333328,0.33,0.06818181818181818,0.171240708976558,5,1,67,LOW,Normal selling,4
0.7800000000000001,0.32,0.7272727272727273,0.5863350485991995,0,0,82,LOW,Normal selling,6
0.52,0.34,0.05681818181818181,0.22184105202973123,3,0,96,LOW,Normal selling,4
0.21999999999999997,0.22999999999999998,0.8977272727272728,0.6077758719268153,4,0,37,LOW,Normal selling,6
0.6266666666666667,0.245,0.7613636363636364,0.9745568896512292,5,1,89,LOW,Normal selling,6
0.7866666666666667,0.105,0.045454545454545456,0.48027444253859336,6,1,131,LOW,Normal selling,7
0.06,0.5800000000000001,0.022727272727272724,0.40851915380217263,2,0,33,MEDIUM,Apply 10-15% discount,0
0.0,0.20500000000000002,0.011363636363636364,0.6841052029731275,2,0,41,HIGH,Apply 25% discount + Send to NGO,1
0.7200000000000001,0.16999999999999998,0.011363636363636364,0.441680960548885,6,1,115,HIGH,Apply 25% discount + Send to NGO,7
0.42000000000000004,0.385,0.05681818181818181,0.2530017152658661,6,1,83,LOW,Normal selling,4
0.6266666666666667,0.16999999999999998,0.03409090909090909,0.5114351057747284,4,0,101,LOW,Normal selling,1
0.3866666666666667,0.8750000000000001,0.011363636363636364,0.04602630074328187,6,1,96,HIGH,Apply 25% discount + Send to NGO,3
0.5800000000000001,0.27999999999999997,0.0,0.7001143510577472,2,0,102,HIGH,Apply 25% discount + Send to NGO,1
0.15999999999999998,0.315,0.045454545454545456,0.27730131503716404,0,0,58,LOW,Normal selling,4
0.5466666666666666,0.49000000000000005,0.022727272727272724,0.3001715265866209,1,0,92,MEDIUM,Apply 10-15% discount,0
0.08666666666666667,0.98,0.011363636363636364,0.004288164665523155,2,0,29,HIGH,Apply 25% discount + Send to NGO,3
0.4,0.335,0.9431818181818182,0.5974842767295597,5,1,52,LOW,Normal selling,6
0.45333333333333337,0.99,0.011363636363636364,0.04745568896512292,2,0,72,HIGH,Apply 25% discount + Send to NGO,3
0.18666666666666665,0.06000000000000001,0.022727272727272724,0.6369353916523727,1,0,51,MEDIUM,Apply 10-15% discount,2
0.4,0.265,0.03409090909090909,0.5005717552887364,5,1,89,LOW,Normal selling,1
0.62,0.09500000000000001,0.03409090909090909,0.6286449399656946,5,1,85,LOW,Normal selling,2
0.06666666666666665,0.135,0.0,0.06575185820468837,6,1,44,HIGH,Apply 25% discount + Send to NGO,5
0.9400000000000001,0.335,0.10227272727272728,0.12121212121212119,5,1,152,LOW,Normal selling,4
0.42666666666666664,0.175,0.03409090909090909,0.6558033161806746,2,0,67,LOW,Normal selling,7
0.8333333333333334,0.31,0.045454545454545456,0.2232704402515723,3,0,156,LOW,Normal selling,4
0.40666666666666673,0.39,0.045454545454545456,0.2778730703259005,5,1,80,LOW,Normal selling,4
0.9066666666666666,0.16499999999999998,0.011363636363636364,0.5780445969125214,2,0,112,HIGH,Apply 25% discount + Send to NGO,7
0.5866666666666667,0.175,0.011363636363636364,0.5483133218982276,6,1,110,HIGH,Apply 25% discount + Send to NGO,7
0.7133333333333333,0.14,0.022727272727272724,0.06718124642652942,2,0,101,MEDIUM,Apply 10-15% discount,5
0.11333333333333334,0.505,0.022727272727272724,0.3416237850200114,2,0,42,MEDIUM,Apply 10-15% discount,0
0.32666666666666666,0.24,0.03409090909090909,0.5425957690108633,1,0,90,LOW,Normal selling,1
0.10666666666666663,0.275,0.045454545454545456,0.360205831903945,6,1,45,LOW,Normal selling,1
0.8133333333333334,0.245,0.045454545454545456,0.4739851343624928,2,0,142,LOW,Normal selling,1
0.15333333333333332,0.55,0.045454545454545456,0.3622069754145225,5,1,39,LOW,Normal selling,0
0.9800000000000001,0.295,0.375,0.5849056603773584,0,0,81,LOW,Normal selling,6
0.026666666666666672,0.285,0.09090909090909091,0.149514008004574,0,0,53,LOW,Normal selling,4
0.52,1.0,0.011363636363636364,0.11006289308176098,3,0,76,HIGH,Apply 25% discount + Send to NGO,3
0.8133333333333334,0.34,0.5113636363636364,0.6832475700400228,4,0,62,LOW,Normal selling,6
0.56,0.10000000000000002,0.03409090909090909,0.088336192109777,6,1,118,LOW,Normal selling,5
0.30666666666666664,0.16000000000000003,0.0,0.6092052601486563,5,1,122,MEDIUM,Apply 10-15% discount,1
0.6533333333333333,0.295,0.07954545454545454,0.11492281303602056,3,0,106,LOW,Normal selling,4
0.8866666666666666,0.135,0.03409090909090909,0.6652372784448256,3,0,109,LOW,Normal selling,2
0.5133333333333333,0.21499999999999997,0.045454545454545456,0.4368210405946254,4,0,95,LOW,Normal selling,1
0.5133333333333333,0.13,0.0,0.14236706689536877,5,1,133,MEDIUM,Apply 10-15% discount,5
0.6066666666666667,0.6000000000000001,0.03409090909090909,0.3584905660377358,4,0,59,LOW,Normal selling,0
0.9933333333333333,0.295,0.9431818181818182,0.7252715837621497,4,0,97,LOW,Normal selling,6
0.9733333333333333,0.20500000000000002,0.011363636363636364,0.3647798742138364,4,0,144,HIGH,Apply 25% discount + Send to NGO,1
0.22666666666666668,0.2,0.03409090909090909,0.68210405946255,2,0,55,LOW,Normal selling,7
0.6666666666666666,0.0050000000000000044,0.0,0.7109777015437392,2,0,101,HIGH,Apply 25% discount + Send to NGO,2
0.33999999999999997,0.035,0.022727272727272724,0.5820468839336763,5,1,92,MEDIUM,Apply 10-15% discount,2
0.12666666666666665,0.9750000000000001,0.0,0.07833047455688963,1,0,30,HIGH,Apply 25% discount + Send to NGO,3
0.12666666666666665,0.8700000000000001,0.022727272727272724,0.02401372212692967,2,0,45,MEDIUM,Apply 10-15% discount,3
0.11333333333333334,0.275,0.09090909090909091,0.23127501429388217,2,0,55,LOW,Normal selling,4
0.5933333333333334,0.98,0.0,0.09634076615208688,6,1,77,HIGH,Apply 25% discount + Send to NGO,3
0.006666666666666654,0.365,0.05681818181818181,0.21040594625500283,1,0,41,LOW,Normal selling,4
0.19999999999999996,0.8750000000000001,0.0,0.06460834762721554,1,0,47,HIGH,Apply 25% discount + Send to NGO,3
0.019999999999999962,0.10000000000000002,0.0,0.7009719839908519,3,0,37,HIGH,Apply 25% discount + Send to NGO,2
0.33333333333333337,0.085,0.022727272727272724,0.5766152086906803,6,1,95,MEDIUM,Apply 10-15% discount,7
0.026666666666666672,0.29,0.10227272727272728,0.18353344768439103,0,0,38,LOW,Normal selling,4
0.12,0.19,0.045454545454545456,0.544882790165809,5,1,41,LOW,Normal selling,7
0.4733333333333334,0.5000000000000001,0.03409090909090909,0.5205831903945111,4,0,83,LOW,Normal selling,0
0.3466666666666667,0.25,0.7613636363636364,0.5809033733562035,5,1,49,LOW,Normal selling,6
0.0,0.16499999999999998,0.011363636363636364,0.5211549456832475,1,0,49,HIGH,Apply 25% discount + Send to NGO,1
0.54,0.21000000000000002,0.5454545454545455,0.9522584333905088,6,1,62,LOW,Normal selling,6
0.64,0.26,0.022727272727272724,0.37707261292166944,4,0,93,MEDIUM,Apply 10-15% discount,1
0.4,0.10000000000000002,0.045454545454545456,0.5197255574614065,2,0,77,LOW,Normal selling,2
0.15333333333333332,0.115,0.045454545454545456,0.5200114351057746,0,0,38,LOW,Normal selling,2
0.0,0.045,0.03409090909090909,0.6303602058319039,1,0,36,LOW,Normal selling,2
0.31333333333333335,0.25,0.5113636363636364,0.9319611206403658,0,0,45,LOW,Normal selling,6
0.16666666666666663,0.885,0.011363636363636364,0.10291595197255572,1,0,50,HIGH,Apply 25% discount + Send to NGO,3
0.24,0.16499999999999998,0.03409090909090909,0.12492853058890793,6,1,85,LOW,Normal selling,5
0.6666666666666666,0.8650000000000001,0.022727272727272724,0.0440251572327044,6,1,142,MEDIUM,Apply 10-15% discount,3
0.17333333333333334,0.15000000000000002,0.03409090909090909,0.40766152086906793,2,0,77,LOW,Normal selling,1
0.3733333333333333,0.31,0.6477272727272727,0.5723270440251572,4,0,35,LOW,Normal selling,6
0.4933333333333334,0.265,0.07954545454545454,0.2607204116638079,6,1,133,LOW,Normal selling,4
0.12,0.275,0.03409090909090909,0.3793596340766151,2,0,50,LOW,Normal selling,1
0.41333333333333333,0.19,0.022727272727272724,0.5734705546026301,1,0,56,MEDIUM,Apply 10-15% discount,7
0.5266666666666667,0.275,0.045454545454545456,0.1898227558604917,5,1,147,LOW,Normal selling,4
0.7133333333333333,0.2,0.011363636363636364,0.687535734705546,0,0,116,HIGH,Apply 25% discount + Send to NGO,1
0.92,0.235,0.9090909090909092,0.7870211549456831,1,0,90,LOW,Normal selling,6
0.45999999999999996,0.06999999999999999,0.022727272727272724,0.5002858776443683,2,0,77,MEDIUM,Apply 10-15% discount,7
0.86,0.36,0.05681818181818181,0.14236706689536877,1,0,115,LOW,Normal selling,4
0.8133333333333334,0.275,0.06818181818181818,0.23156089193825036,4,0,115,LOW,Normal selling,4
0.2466666666666667,0.325,0.8863636363636364,0.6057747284162378,3,0,38,LOW,Normal selling,6
0.06,0.29,0.09090909090909091,0.20354488279016578,6,1,64,LOW,Normal selling,4
0.2533333333333333,0.05500000000000001,0.0,0.7101200686106346,0,0,74,HIGH,Apply 25% discount + Send to NGO,7
0.2533333333333333,0.9750000000000001,0.0,0.08147512864493994,5,1,62,HIGH,Apply 25% discount + Send to NGO,3
0.44000000000000006,0.92,0.0,0.11120640365923382,6,1,91,HIGH,Apply 25% discount + Send to NGO,3
0.3666666666666667,0.395,0.07954545454545454,0.17438536306460833,5,1,71,LOW,Normal selling,4
0.40666666666666673,0.09500000000000001,0.03409090909090909,0.4788450543167524,2,0,63,LOW,Normal selling,7
0.33999999999999997,0.06500000000000002,0.0,0.7072612921669524,2,0,54,HIGH,Apply 25% discount + Send to NGO,2
0.45999999999999996,0.49000000000000005,0.03409090909090909,0.5508862206975415,5,1,79,LOW,Normal selling,0
0.20666666666666667,0.105,0.03409090909090909,0.7089765580331617,2,0,50,LOW,Normal selling,2
0.15333333333333332,0.12000000000000001,0.045454545454545456,0.4545454545454545,5,1,69,LOW,Normal selling,7
0.06666666666666665,0.09000000000000001,0.03409090909090909,0.6632361349342482,1,0,38,LOW,Normal selling,2
0.7666666666666667,0.27999999999999997,0.6590909090909092,0.6629502572898799,4,0,78,LOW,Normal selling,6
0.1333333333333333,0.285,0.06818181818181818,0.14694110920526013,0,0,46,LOW,Normal selling,4
1.0,0.135,0.0,0.6463693539165237,0,0,106,HIGH,Apply 25% discount + Send to NGO,2
0.7999999999999999,0.5750000000000001,0.03409090909090909,0.43339050886220687,3,0,72,LOW,Normal selling,0
0.56,0.25,0.4772727272727273,0.8847913093196111,4,0,65,LOW,Normal selling,6
0.42000000000000004,0.34,0.8068181818181819,0.7630074328187535,0,0,34,LOW,Normal selling,6
0.31999999999999995,0.285,0.05681818181818181,0.14608347627215548,6,1,84,LOW,Normal selling,4
0.0,0.54,0.045454545454545456,0.5251572327044024,2,0,30,LOW,Normal selling,0
0.20666666666666667,0.16000000000000003,0.0,0.5980560320182962,6,1,67,HIGH,Apply 25% discount + Send to NGO,7
0.6,0.245,0.045454545454545456,0.48056032018296163,5,1,129,LOW,Normal selling,1
0.54,0.335,0.5568181818181819,0.8319039451114921,3,0,50,LOW,Normal selling,6
0.4,0.305,0.9886363636363636,0.6640937678673526,5,1,66,LOW,Normal selling,6
0.8066666666666668,0.305,0.9772727272727273,0.6423670668953687,3,0,57,LOW,Normal selling,6
0.7999999999999999,0.325,0.05681818181818181,0.2707261292166952,6,1,173,LOW,Normal selling,4
0.1333333333333333,0.9400000000000002,0.011363636363636364,0.0014293882218410518,3,0,46,HIGH,Apply 25% discount + Send to NGO,3
0.3533333333333334,0.29,0.022727272727272724,0.5574614065180102,1,0,83,MEDIUM,Apply 10-15% discount,1
0.21999999999999997,0.22999999999999998,0.6931818181818182,0.6995425957690108,6,1,56,LOW,Normal selling,6
0.88,0.47000000000000003,0.045454545454545456,0.38050314465408797,6,1,133,LOW,Normal selling,0
0.5800000000000001,0.05500000000000001,0.0,0.6615208690680388,5,1,115,HIGH,Apply 25% discount + Send to NGO,7
0.88,0.55,0.0,0.5663236134934247,3,0,91,HIGH,Apply 25% discount + Send to NGO,0
0.41333333333333333,0.885,0.0,0.10863350485991993,3,0,59,HIGH,Apply 25% discount + Send to NGO,3
0.30000000000000004,0.335,0.07954545454545454,0.24128073184676951,1,0,78,LOW,Normal selling,4
0.8866666666666666,0.21999999999999997,0.5909090909090909,0.8461978273299027,0,0,85,LOW,Normal selling,6
0.41333333333333333,0.16000000000000003,0.045454545454545456,0.06146369353916523,1,0,73,LOW,Normal selling,5
0.9600000000000001,0.29,0.6704545454545455,0.6426529445397369,0,0,102,LOW,Normal selling,6
0.026666666666666672,0.375,0.06818181818181818,0.28330474556889645,1,0,32,LOW,Normal selling,4
0.64,0.22499999999999998,0.011363636363636364,0.3441966838193253,4,0,121,HIGH,Apply 25% discount + Send to NGO,1
0.0,0.14,0.0,0.12206975414522582,5,1,53,MEDIUM,Apply 10-15% discount,5
0.9733333333333333,0.47500000000000003,0.05681818181818181,0.37021154945683243,1,0,110,LOW,Normal selling,0
0.046666666666666634,0.16999999999999998,0.011363636363636364,0.05774728416237849,5,1,50,HIGH,Apply 25% discount + Send to NGO,5
0.033333333333333326,0.235,0.022727272727272724,0.5388793596340765,4,0,38,MEDIUM,Apply 10-15% discount,1
0.6066666666666667,0.32,0.06818181818181818,0.12464265294453972,1,0,95,LOW,Normal selling,4
0.22666666666666668,0.125,0.011363636363636364,0.5994854202401372,0,0,42,HIGH,Apply 25% discount + Send to NGO,2
0.9800000000000001,0.05500000000000001,0.03409090909090909,0.5280160091480846,0,0,164,LOW,Normal selling,7
0.40666666666666673,0.05,0.0,0.7135506003430531,2,0,102,HIGH,Apply 25% discount + Send to NGO,7
0.44666666666666666,0.020000000000000004,0.022727272727272724,0.5666094911377929,6,1,100,MEDIUM,Apply 10-15% discount,2
0.9,0.265,0.03409090909090909,0.3813607775871926,5,1,178,LOW,Normal selling,1
0.68,0.010000000000000009,0.022727272727272724,0.6335048599199542,1,0,128,MEDIUM,Apply 10-15% discount,2
0.9600000000000001,0.92,0.0,0.01686678101772441,3,0,136,HIGH,Apply 25% discount + Send to NGO,3
0.41333333333333333,0.10000000000000002,0.03409090909090909,0.06089193825042881,2,0,89,LOW,Normal selling,5
0.36,0.27,0.011363636363636364,0.4728416237850199,4,0,92,HIGH,Apply 25% discount + Send to NGO,1
0.9133333333333334,0.105,0.022727272727272724,0.07118353344768437,1,0,157,MEDIUM,Apply 10-15% discount,5
0.5266666666666667,0.13,0.03409090909090909,0.07890222984562606,6,1,115,LOW,Normal selling,5
0.5333333333333333,0.31,0.5113636363636364,0.5834762721555175,3,0,61,LOW,Normal selling,6
0.66,0.51,0.045454545454545456,0.29045168667810173,0,0,88,LOW,Normal selling,0
0.21333333333333337,0.105,0.022727272727272724,0.5526014865637506,5,1,68,MEDIUM,Apply 10-15% discount,7
0.7400000000000001,0.8500000000000001,0.011363636363636364,0.05002858776443681,5,1,133,HIGH,Apply 25% discount + Send to NGO,3
0.6066666666666667,0.10000000000000002,0.03409090909090909,0.5228702115494568,0,0,74,LOW,Normal selling,2
0.4866666666666667,0.345,0.06818181818181818,0.1898227558604917,1,0,101,LOW,Normal selling,4
0.3466666666666667,0.11,0.011363636363636364,0.0911949685534591,2,0,76,HIGH,Apply 25% discount + Send to NGO,5
0.5800000000000001,0.20500000000000002,0.8863636363636364,0.9128073184676958,0,0,62,LOW,Normal selling,6
0.31333333333333335,0.385,0.045454545454545456,0.21069182389937102,5,1,94,LOW,Normal selling,4
0.6866666666666666,0.345,0.07954545454545454,0.17467124070897652,6,1,105,LOW,Normal selling,4
0.8933333333333334,0.22999999999999998,0.022727272727272724,0.5769010863350486,1,0,171,MEDIUM,Apply 10-15% discount,1
0.09999999999999998,0.3,0.9886363636363636,0.7921669525443109,3,0,26,LOW,Normal selling,6
0.21333333333333337,0.24,0.0,0.532590051457976,0,0,59,HIGH,Apply 25% discount + Send to NGO,1
0.08000000000000002,0.98,0.022727272727272724,0.013150371640937675,2,0,32,MEDIUM,Apply 10-15% discount,3
0.3466666666666667,0.555,0.045454545454545456,0.5348770726129216,3,0,60,LOW,Normal selling,0
0.31333333333333335,0.22499999999999998,0.5113636363636364,0.823613493424814,4,0,54,LOW,Normal selling,6
0.12666666666666665,0.21999999999999997,0.8636363636363636,0.9273870783304745,3,0,39,LOW,Normal selling,6
0.8533333333333334,0.255,0.03409090909090909,0.481132075471698,1,0,138,LOW,Normal selling,1
0.3866666666666667,0.925,0.0,0.07632933104631216,4,0,63,HIGH,Apply 25% discount + Send to NGO,3
0.0,0.21499999999999997,0.5909090909090909,0.6512292738707832,0,0,27,LOW,Normal selling,6
0.3466666666666667,0.105,0.0,0.10920526014865635,6,1,86,HIGH,Apply 25% discount + Send to NGO,5
0.29333333333333333,0.935,0.0,0.04431103487707261,5,1,63,HIGH,Apply 25% discount + Send to NGO,3
0.8666666666666668,0.19,0.011363636363636364,0.6160663236134933,2,0,159,HIGH,Apply 25% discount + Send to NGO,1
0.9666666666666667,0.12000000000000001,0.03409090909090909,0.5708976558033162,2,0,120,LOW,Normal selling,7
1.0,0.12000000000000001,0.0,0.12921669525443108,0,0,189,HIGH,Apply 25% discount + Send to NGO,5
0.5800000000000001,0.53,0.05681818181818181,0.3610634648370497,4,0,85,LOW,Normal selling,0
0.40666666666666673,0.915,0.0,0.0771869639794168,1,0,80,HIGH,Apply 25% discount + Send to NGO,3
0.6133333333333334,0.36,0.07954545454545454,0.1881074899942824,6,1,96,LOW,Normal selling,4
0.5533333333333333,0.97,0.011363636363636364,0.03459119496855345,1,0,82,HIGH,Apply 25% discount + Send to NGO,3
0.42666666666666664,0.325,0.7727272727272727,0.9979988564894224,0,0,40,LOW,Normal selling,6
0.32666666666666666,0.9300000000000002,0.0,0.10806174957118352,4,0,50,HIGH,Apply 25% discount + Send to NGO,3
0.33999999999999997,0.16499999999999998,0.022727272727272724,0.6483704974271012,4,0,63,MEDIUM,Apply 10-15% discount,7
0.32666666666666666,0.15000000000000002,0.0,0.6952544311034876,3,0,45,HIGH,Apply 25% discount + Send to NGO,2
0.9066666666666666,0.315,0.06818181818181818,0.2618639222412807,2,0,159,LOW,Normal selling,4
0.7200000000000001,0.89,0.0,0.09834190966266436,1,0,86,HIGH,Apply 25% discount + Send to NGO,3
0.9066666666666666,0.545,0.05681818181818181,0.37135506003430524,1,0,94,LOW,Normal selling,0
0.82,0.335,0.09090909090909091,0.19696969696969693,0,0,110,LOW,Normal selling,4
0.013333333333333308,0.085,0.045454545454545456,0.6546598056032018,1,0,29,LOW,Normal selling,2
0.18666666666666665,0.505,0.022727272727272724,0.45082904516866773,6,1,56,MEDIUM,Apply 10-15% discount,0
0.17333333333333334,0.05,0.045454545454545456,0.5443110348770726,5,1,52,LOW,Normal selling,2
0.8666666666666668,0.98,0.011363636363636364,0.014293882218410518,3,0,110,HIGH,Apply 25% discount + Send to NGO,3
0.42000000000000004,0.195,0.022727272727272724,0.5300171526586621,3,0,74,MEDIUM,Apply 10-15% discount,7
0.08666666666666667,0.245,0.5,0.714694110920526,5,1,29,LOW,Normal selling,6
0.5733333333333334,0.45,0.045454545454545456,0.28873642081189244,6,1,84,LOW,Normal selling,0
0.08000000000000002,0.34,0.5340909090909091,0.7770154373927959,2,0,25,LOW,Normal selling,6
0.28,0.22999999999999998,0.011363636363636364,0.10148656375071467,0,0,65,HIGH,Apply 25% discount + Send to NGO,5
0.9933333333333333,0.09500000000000001,0.022727272727272724,0.687535734705546,5,1,166,MEDIUM,Apply 10-15% discount,2
0.09999999999999998,0.22999999999999998,0.7045454545454546,0.7913093196112063,5,1,36,LOW,Normal selling,6
0.68,0.06999999999999999,0.0,0.7072612921669524,1,0,114,HIGH,Apply 25% discount + Send to NGO,7
0.9600000000000001,0.26,0.011363636363636364,0.37421383647798734,0,0,138,HIGH,Apply 25% discount + Send to NGO,1
0.20666666666666667,0.56,0.045454545454545456,0.5100057175528874,3,0,44,LOW,Normal selling,0
0.7933333333333333,0.05,0.0,0.7078330474556889,0,0,116,HIGH,Apply 25% discount + Send to NGO,7
0.033333333333333326,0.14,0.022727272727272724,0.15694682675814747,2,0,43,MEDIUM,Apply 10-15% discount,5
0.7066666666666667,0.105,0.011363636363636364,0.7129788450543166,3,0,94,HIGH,Apply 25% discount + Send to NGO,2
0.1333333333333333,0.27999999999999997,0.045454545454545456,0.20040022870211543,6,1,85,LOW,Normal selling,4
0.82,0.04000000000000001,0.045454545454545456,0.5537449971412235,6,1,140,LOW,Normal selling,2
0.8933333333333334,0.25,0.625,0.9262435677530015,3,0,67,LOW,Normal selling,6
0.3933333333333333,0.18,0.011363636363636364,0.5274442538593482,3,0,112,MEDIUM,Apply 10-15% discount,1
0.68,0.195,0.045454545454545456,0.37878787878787873,4,0,156,LOW,Normal selling,1
0.23333333333333328,0.335,0.7386363636363636,0.9245283018867924,0,0,35,LOW,Normal selling,6
0.14,0.16000000000000003,0.011363636363636364,0.13693539165237276,0,0,41,HIGH,Apply 25% discount + Send to NGO,5
0.2666666666666667,0.2,0.03409090909090909,0.07632933104631216,6,1,75,LOW,Normal selling,5
0.7200000000000001,0.265,0.011363636363636364,0.6941109205260148,5,1,161,MEDIUM,Apply 10-15% discount,1
0.8733333333333334,0.39,0.07954545454545454,0.13150371640937678,2,0,108,LOW,Normal selling,4
0.7133333333333333,0.5900000000000001,0.03409090909090909,0.319325328759291,0,0,86,LOW,Normal selling,0
0.30000000000000004,0.175,0.0,0.649514008004574,1,0,74,HIGH,Apply 25% discount + Send to NGO,1
0.7666666666666667,0.05500000000000001,0.0,0.7121212121212122,4,0,123,HIGH,Apply 25% discount + Send to NGO,2
0.62,0.15000000000000002,0.011363636363636364,0.16409376786735275,0,0,97,HIGH,Apply 25% discount + Send to NGO,5
0.24,0.08,0.0,0.6492281303602058,0,0,43,HIGH,Apply 25% discount + Send to NGO,2
0.8666666666666668,0.905,0.0,0.06146369353916523,6,1,114,HIGH,Apply 25% discount + Send to NGO,3
0.12,0.21999999999999997,0.4545454545454546,0.8653516295025728,1,0,35,LOW,Normal selling,6
0.8733333333333334,0.97,0.0,0.09033733562035447,6,1,102,HIGH,Apply 25% discount + Send to NGO,3
0.56,0.365,0.07954545454545454,0.19439679817038302,5,1,110,LOW,Normal selling,4
0.12666666666666665,0.27999999999999997,0.05681818181818181,0.14837049742710118,6,1,68,LOW,Normal selling,4
0.7800000000000001,0.49500000000000005,0.05681818181818181,0.3307604345340194,0,0,95,LOW,Normal selling,0
0.9066666666666666,0.125,0.022727272727272724,0.6578044596912521,5,1,137,MEDIUM,Apply 10-15% discount,2
0.5133333333333333,0.135,0.03409090909090909,0.5780445969125214,0,0,65,LOW,Normal selling,2
0.7733333333333333,0.27999999999999997,0.045454545454545456,0.4139508290451686,5,1,122,LOW,Normal selling,1
0.5066666666666667,0.16000000000000003,0.03409090909090909,0.5257289879931388,4,0,112,LOW,Normal selling,1
0.5066666666666667,0.32,0.375,0.9768439108061748,0,0,48,LOW,Normal selling,6
0.8466666666666668,0.315,0.06818181818181818,0.1375071469411092,6,1,197,LOW,Normal selling,4
0.4,0.195,0.011363636363636364,0.3650657518582046,2,0,90,HIGH,Apply 25% discount + Send to NGO,1
0.7200000000000001,0.02500000000000001,0.045454545454545456,0.5586049170954831,1,0,115,LOW,Normal selling,2
0.23333333333333328,0.2,0.011363636363636364,0.5686106346483704,0,0,45,HIGH,Apply 25% discount + Send to NGO,7
0.08000000000000002,0.505,0.03409090909090909,0.48742138364779863,1,0,34,LOW,Normal selling,0
0.4866666666666667,0.16999999999999998,0.011363636363636364,0.532590051457976,6,1,141,MEDIUM,Apply 10-15% discount,1
0.6066666666666667,0.21499999999999997,0.875,0.6026300743281875,2,0,64,LOW,Normal selling,6
0.7933333333333333,0.395,0.045454545454545456,0.19411092052601484,2,0,117,LOW,Normal selling,4
0.68,0.2,0.022727272727272724,0.10091480846197826,6,1,121,MEDIUM,Apply 10-15% discount,5
0.2466666666666667,0.29,0.06818181818181818,0.19468267581475127,5,1,96,LOW,Normal selling,4
0.5666666666666667,0.06000000000000001,0.045454545454545456,0.564036592338479,2,0,102,LOW,Normal selling,2
0.3933333333333333,0.365,0.07954545454545454,0.20611778158947966,4,0,60,LOW,Normal selling,4
0.6333333333333333,0.2,0.0,0.0748999428244711,4,0,104,HIGH,Apply 25% discount + Send to NGO,5
0.42000000000000004,0.115,0.011363636363636364,0.14722698684962834,5,1,125,MEDIUM,Apply 10-15% discount,5
0.3533333333333334,0.15000000000000002,0.03409090909090909,0.38221841052029726,1,0,112,LOW,Normal selling,1
0.5333333333333333,0.48000000000000004,0.05681818181818181,0.3510577472841623,5,1,71,LOW,Normal selling,0
0.7999999999999999,0.91,0.0,0.1023441966838193,6,1,141,HIGH,Apply 25% discount + Send to NGO,3
0.6333333333333333,0.015,0.03409090909090909,0.5437392795883362,3,0,86,LOW,Normal selling,2
0.8666666666666668,0.05500000000000001,0.045454545454545456,0.6303602058319039,4,0,134,LOW,Normal selling,2
0.033333333333333326,0.35,0.375,0.7026872498570611,2,0,23,LOW,Normal selling,6
0.0,0.235,0.7386363636363636,0.9825614636935391,3,0,25,LOW,Normal selling,6
0.09333333333333332,0.29,0.6704545454545455,0.8467695826186391,0,0,26,LOW,Normal selling,6
0.8466666666666668,0.24,0.0,0.13407661520869066,2,0,130,HIGH,Apply 25% discount + Send to NGO,5
0.56,0.29,0.0,0.5929102344196683,1,0,74,HIGH,Apply 25% discount + Send to NGO,1
0.8866666666666666,0.275,0.625,0.7166952544311034,6,1,77,LOW,Normal selling,6
0.1333333333333333,0.8750000000000001,0.011363636363636364,0.01486563750714694,2,0,41,HIGH,Apply 25% discount + Send to NGO,3
0.7666666666666667,0.9750000000000001,0.011363636363636364,0.048313321898227554,3,0,67,HIGH,Apply 25% discount + Send to NGO,3
0.3866666666666667,0.115,0.0,0.6935391652372783,6,1,84,HIGH,Apply 25% discount + Send to NGO,2
0.5066666666666667,0.2,0.022727272727272724,0.4716981132075471,6,1,110,MEDIUM,Apply 10-15% discount,1
0.30000000000000004,0.05,0.0,0.5866209262435678,3,0,64,HIGH,Apply 25% discount + Send to NGO,7
0.9666666666666667,0.105,0.0,0.1543739279588336,0,0,126,HIGH,Apply 25% discount + Send to NGO,5
0.42000000000000004,0.12000000000000001,0.045454545454545456,0.6266437964551171,4,0,54,LOW,Normal selling,2
0.21333333333333337,0.9,0.0,0.05460263007432818,4,0,47,HIGH,Apply 25% discount + Send to NGO,3
0.8733333333333334,0.275,0.7272727272727273,0.8198970840480274,0,0,73,LOW,Normal selling,6
0.06,0.22499999999999998,0.4090909090909091,0.842481417953116,1,0,26,LOW,Normal selling,6
0.7466666666666667,0.105,0.011363636363636364,0.6269296740994854,5,1,136,HIGH,Apply 25% discount + Send to NGO,7
0.22666666666666668,0.195,0.0,0.15065751858204687,5,1,78,HIGH,Apply 25% discount + Send to NGO,5
0.56,0.195,0.03409090909090909,0.5411663807890223,1,0,93,LOW,Normal selling,1
0.4666666666666667,0.175,0.022727272727272724,0.5820468839336763,2,0,110,MEDIUM,Apply 10-15% discount,1
0.7600000000000001,0.96,0.0,0.041166380789022294,4,0,97,HIGH,Apply 25% discount + Send to NGO,3
0.5066666666666667,0.34,0.05681818181818181,0.23327615780445965,4,0,77,LOW,Normal selling,4
0.23333333333333328,0.13,0.0,0.6720983419096626,0,0,49,HIGH,Apply 25% discount + Send to NGO,2
0.40666666666666673,0.29,0.44318181818181823,0.81789594053745,0,0,42,LOW,Normal selling,6
0.5266666666666667,0.38,0.03409090909090909,0.25042881646655224,0,0,74,LOW,Normal selling,4
0.43333333333333335,0.26,0.8522727272727273,0.6486563750714693,4,0,63,LOW,Normal selling,6
0.5933333333333334,0.37,0.06818181818181818,0.17810177244139505,1,0,78,LOW,Normal selling,4
0.7933333333333333,0.20500000000000002,0.011363636363636364,0.49342481417953105,5,1,204,MEDIUM,Apply 10-15% discount,1
0.9933333333333333,0.5850000000000001,0.045454545454545456,0.4459691252144081,0,0,76,LOW,Normal selling,0
0.6333333333333333,0.16000000000000003,0.022727272727272724,0.7066895368782161,5,1,87,MEDIUM,Apply 10-15% discount,7
0.26,0.325,0.46590909090909094,0.5960548885077186,0,0,40,LOW,Normal selling,6
0.3866666666666667,0.25,0.06818181818181818,0.22298456260720406,2,0,104,LOW,Normal selling,4
0.7000000000000001,0.03,0.022727272727272724,0.7041166380789021,1,0,127,MEDIUM,Apply 10-15% discount,2
0.56,0.135,0.011363636363636364,0.05946255002858775,4,0,100,HIGH,Apply 25% discount + Send to NGO,5
0.0733333333333333,0.52,0.05681818181818181,0.29073756432246994,1,0,29,LOW,Normal selling,0
0.9333333333333335,0.32,0.8636363636363636,0.8036020583190394,5,1,110,LOW,Normal selling,6
0.2866666666666666,0.14500000000000002,0.011363636363636364,0.6926815323041737,3,0,48,HIGH,Apply 25% discount + Send to NGO,7
0.40666666666666673,0.34,0.10227272727272728,0.12235563178959404,4,0,66,LOW,Normal selling,4
0.6533333333333333,1.0,0.011363636363636364,0.02687249857061177,3,0,80,HIGH,Apply 25% discount + Send to NGO,3
0.3933333333333333,0.2,0.022727272727272724,0.4353916523727844,2,0,56,MEDIUM,Apply 10-15% discount,7
0.8466666666666668,0.16999999999999998,0.022727272727272724,0.5620354488279017,4,0,150,MEDIUM,Apply 10-15% discount,1
0.8733333333333334,0.5000000000000001,0.011363636363636364,0.512292738707833,6,1,143,HIGH,Apply 25% discount + Send to NGO,0
0.8933333333333334,0.32,0.5454545454545455,0.9271012006861061,5,1,73,LOW,Normal selling,6
0.62,0.24,0.03409090909090909,0.5646083476272156,5,1,162,LOW,Normal selling,1
0.56,0.22499999999999998,0.5340909090909091,0.5740423098913664,1,0,64,LOW,Normal selling,6
0.8266666666666668,0.105,0.011363636363636364,0.6392224128073184,2,0,129,HIGH,Apply 25% discount + Send to NGO,7
0.5066666666666667,0.29,0.5454545454545455,0.5854774156660948,1,0,54,LOW,Normal selling,6
0.21999999999999997,0.18,0.0,0.07261292166952542,3,0,67,HIGH,Apply 25% discount + Send to NGO,5
0.17333333333333334,0.16999999999999998,0.022727272727272724,0.088336192109777,0,0,46,MEDIUM,Apply 10-15% discount,5
0.06,0.06000000000000001,0.022727272727272724,0.4331046312178387,5,1,58,MEDIUM,Apply 10-15% discount,7
0.7733333333333333,0.105,0.011363636363636364,0.11606632361349341,6,1,195,MEDIUM,Apply 10-15% discount,5
0.4866666666666667,0.54,0.011363636363636364,0.47827329902801585,2,0,71,HIGH,Apply 25% discount + Send to NGO,0
0.5,0.34,0.5681818181818182,0.8253287592910233,4,0,41,LOW,Normal selling,6
0.0,0.8750000000000001,0.011363636363636364,0.09834190966266436,6,1,31,HIGH,Apply 25% discount + Send to NGO,3
0.7000000000000001,0.15500000000000003,0.0,0.14694110920526013,6,1,120,HIGH,Apply 25% discount + Send to NGO,5
0.3533333333333334,0.22499999999999998,0.011363636363636364,0.39508290451686673,5,1,118,MEDIUM,Apply 10-15% discount,1
0.5666666666666667,0.37,0.03409090909090909,0.2046883933676386,4,0,104,LOW,Normal selling,4
0.8866666666666666,0.15000000000000002,0.03409090909090909,0.5380217267009719,1,0,112,LOW,Normal selling,7
0.16666666666666663,0.915,0.011363636363636364,0.10691823899371067,3,0,43,HIGH,Apply 25% discount + Send to NGO,3
0.5533333333333333,0.315,0.05681818181818181,0.20040022870211543,6,1,110,LOW,Normal selling,4
0.15333333333333332,0.21000000000000002,0.045454545454545456,0.4891366495140079,2,0,72,LOW,Normal selling,1
0.84,0.19,0.0,0.07032590051457975,4,0,98,HIGH,Apply 25% discount + Send to NGO,5
0.8066666666666668,0.49000000000000005,0.05681818181818181,0.33962264150943394,3,0,96,LOW,Normal selling,0
0.33333333333333337,0.48000000000000004,0.06818181818181818,0.3902229845626071,4,0,60,LOW,Normal selling,0
0.21333333333333337,0.03,0.03409090909090909,0.5874785591766724,4,0,45,LOW,Normal selling,2
0.2466666666666667,0.89,0.0,0.019439679817038303,4,0,52,HIGH,Apply 25% discount + Send to NGO,3
0.6933333333333335,0.0,0.011363636363636364,0.5826186392224127,4,0,103,HIGH,Apply 25% discount + Send to NGO,2
0.44666666666666666,0.13,0.022727272727272724,0.7124070897655802,5,1,74,MEDIUM,Apply 10-15% discount,2
0.15333333333333332,0.045,0.045454545454545456,0.6043453401943967,2,0,54,LOW,Normal selling,2
0.013333333333333308,0.375,0.09090909090909091,0.13379073756432244,3,0,43,LOW,Normal selling,4
0.33333333333333337,0.105,0.0,0.6457975986277873,1,0,57,HIGH,Apply 25% discount + Send to NGO,7
0.03999999999999998,0.9750000000000001,0.0,0.05746140651801029,6,1,27,HIGH,Apply 25% discount + Send to NGO,3
0.5,0.21499999999999997,0.03409090909090909,0.17009719839908516,5,1,80,LOW,Normal selling,5
0.4,0.29,0.03409090909090909,0.5011435105774728,2,0,81,LOW,Normal selling,1
0.6533333333333333,0.98,0.0,0.03430531732418524,4,0,69,HIGH,Apply 25% discount + Send to NGO,3
0.42666666666666664,0.96,0.011363636363636364,0.07804459691252143,6,1,88,HIGH,Apply 25% discount + Send to NGO,3
0.31999999999999995,0.21000000000000002,1.0,0.70926243567753,5,1,47,LOW,Normal selling,6
0.4666666666666667,0.0050000000000000044,0.011363636363636364,0.5465980560320183,4,0,100,HIGH,Apply 25% discount + Send to NGO,2
0.5733333333333334,0.16499999999999998,0.022727272727272724,0.5260148656375071,3,0,102,MEDIUM,Apply 10-15% discount,7
0.033333333333333326,0.16999999999999998,0.045454545454545456,0.4894225271583761,3,0,44,LOW,Normal selling,1
0.19999999999999996,0.21000000000000002,0.022727272727272724,0.14093767867352772,5,1,56,MEDIUM,Apply 10-15% discount,5
0.62,0.24,0.03409090909090909,0.093767867352773,5,1,119,LOW,Normal selling,5
0.6333333333333333,0.95,0.0,0.03487707261292167,6,1,95,HIGH,Apply 25% discount + Send to NGO,3
0.68,0.49000000000000005,0.011363636363636364,0.5160091480846197,3,0,77,HIGH,Apply 25% discount + Send to NGO,0
0.42000000000000004,0.99,0.0,0.04173813607775871,6,1,54,HIGH,Apply 25% discount + Send to NGO,3
0.2466666666666667,0.53,0.05681818181818181,0.4819897084048027,5,1,43,LOW,Normal selling,0
0.29333333333333333,0.255,0.022727272727272724,0.2735849056603773,6,1,102,MEDIUM,Apply 10-15% discount,4
0.44000000000000006,0.535,0.05681818181818181,0.35448827901658087,0,0,60,LOW,Normal selling,0
0.9800000000000001,0.26,0.05681818181818181,0.20297312750142935,4,0,180,LOW,Normal selling,4
0.18000000000000005,0.535,0.022727272727272724,0.3676386506575185,3,0,34,MEDIUM,Apply 10-15% discount,0
0.2866666666666666,0.14,0.0,0.7058319039451114,3,0,41,HIGH,Apply 25% discount + Send to NGO,2
0.7733333333333333,0.38,0.045454545454545456,0.28530588907947396,4,0,106,LOW,Normal selling,4
0.42666666666666664,0.505,0.06818181818181818,0.3401943967981703,6,1,83,LOW,Normal selling,0
0.0733333333333333,0.185,0.022727272727272724,0.08147512864493994,0,0,38,MEDIUM,Apply 10-15% discount,5
0.08000000000000002,0.06999999999999999,0.011363636363636364,0.6992567181246425,5,1,53,HIGH,Apply 25% discount + Send to NGO,7
0.7933333333333333,0.925,0.011363636363636364,0.012578616352201257,5,1,119,HIGH,Apply 25% discount + Send to NGO,3
0.17333333333333334,0.05500000000000001,0.03409090909090909,0.6635220125786162,1,0,45,LOW,Normal selling,2
0.0733333333333333,0.98,0.0,0.07375643224699827,6,1,34,HIGH,Apply 25% discount + Send to NGO,3
0.4666666666666667,0.25,0.7954545454545455,0.9525443110348769,1,0,57,LOW,Normal selling,6
0.9933333333333333,0.97,0.022727272727272724,0.03830760434534019,3,0,117,MEDIUM,Apply 10-15% discount,3
0.15999999999999998,0.05500000000000001,0.0,0.7135506003430531,2,0,42,HIGH,Apply 25% discount + Send to NGO,2
0.19333333333333336,0.8700000000000001,0.0,0.07918810748999426,6,1,62,HIGH,Apply 25% discount + Send to NGO,3
0.9066666666666666,0.295,0.07954545454545454,0.12064036592338478,4,0,160,LOW,Normal selling,4
0.7333333333333333,0.11,0.0,0.12492853058890793,0,0,134,HIGH,Apply 25% discount + Send to NGO,5
0.7333333333333333,0.195,0.045454545454545456,0.44511149228130353,4,0,91,LOW,Normal selling,7
0.5266666666666667,0.455,0.022727272727272724,0.4528301886792452,3,0,73,MEDIUM,Apply 10-15% discount,0
0.3733333333333333,0.9300000000000002,0.011363636363636364,0.04745568896512292,1,0,58,HIGH,Apply 25% discount + Send to NGO,3
0.33999999999999997,0.195,0.011363636363636364,0.5809033733562035,5,1,75,HIGH,Apply 25% discount + Send to NGO,7
0.0733333333333333,0.26,0.045454545454545456,0.23241852487135503,1,0,60,LOW,Normal selling,4
0.7600000000000001,0.06999999999999999,0.022727272727272724,0.4505431675242995,5,1,172,MEDIUM,Apply 10-15% discount,7
0.19333333333333336,0.22499999999999998,0.6363636363636364,0.7987421383647798,2,0,47,LOW,Normal selling,6
0.6866666666666666,0.33,0.10227272727272728,0.17267009719839904,3,0,135,LOW,Normal selling,4
0.0733333333333333,0.3,0.045454545454545456,0.3644939965694682,4,0,37,LOW,Normal selling,1
0.7666666666666667,0.05500000000000001,0.011363636363636364,0.46426529445397363,4,0,103,HIGH,Apply 25% discount + Send to NGO,7
0.42666666666666664,0.175,0.045454545454545456,0.6140651801029159,5,1,94,LOW,Normal selling,7
0.16666666666666663,0.175,0.0,0.6706689536878215,2,0,55,HIGH,Apply 25% discount + Send to NGO,1
0.10666666666666663,0.325,0.07954545454545454,0.23899371069182382,4,0,39,LOW,Normal selling,4
0.48,0.255,0.011363636363636364,0.6240708976558033,2,0,87,HIGH,Apply 25% discount + Send to NGO,1
0.44666666666666666,0.115,0.011363636363636364,0.5957690108633504,1,0,73,HIGH,Apply 25% discount + Send to NGO,2
0.3733333333333333,0.32,0.9545454545454546,0.6266437964551171,3,0,43,LOW,Normal selling,6
0.20666666666666667,0.27,0.03409090909090909,0.24156660949113778,4,0,69,LOW,Normal selling,4
0.6866666666666666,0.185,0.011363636363636364,0.1326472269868496,3,0,103,HIGH,Apply 25% discount + Send to NGO,5
0.3933333333333333,0.54,0.05681818181818181,0.41137793024585473,5,1,79,LOW,Normal selling,0
0.88,0.51,0.011363636363636364,0.523156089193825,5,1,126,HIGH,Apply 25% discount + Send to NGO,0
0.20666666666666667,0.935,0.022727272727272724,0.03058890794739851,1,0,49,MEDIUM,Apply 10-15% discount,3
0.44000000000000006,0.05,0.0,0.7121212121212122,4,0,79,HIGH,Apply 25% discount + Send to NGO,7
0.06666666666666665,0.55,0.05681818181818181,0.3562035448827901,3,0,31,LOW,Normal selling,0
0.9400000000000001,0.13,0.0,0.6560891938250428,3,0,137,HIGH,Apply 25% discount + Send to NGO,7
0.7600000000000001,0.33,0.7272727272727273,1.0,3,0,63,LOW,Normal selling,6
0.8333333333333334,0.49000000000000005,0.03409090909090909,0.343910806174957,1,0,80,LOW,Normal selling,0
0.82,0.22499999999999998,0.0,0.06346483704974269,4,0,112,HIGH,Apply 25% discount + Send to NGO,5
0.82,0.255,0.045454545454545456,0.47798742138364775,4,0,108,LOW,Normal selling,1
0.6666666666666666,0.6000000000000001,0.06818181818181818,0.3164665523156089,6,1,83,LOW,Normal selling,0
0.8533333333333334,0.27999999999999997,0.045454545454545456,0.11435105774728413,0,0,150,LOW,Normal selling,4
0.10666666666666663,0.9,0.0,0.09748427672955973,5,1,41,HIGH,Apply 25% discount + Send to NGO,3
0.6733333333333335,0.465,0.045454545454545456,0.32046883933676384,2,0,99,LOW,Normal selling,0
0.12666666666666665,0.02500000000000001,0.022727272727272724,0.6160663236134933,2,0,43,MEDIUM,Apply 10-15% discount,2
0.8266666666666668,0.195,0.022727272727272724,0.16066323613493422,0,0,146,MEDIUM,Apply 10-15% discount,5
0.5800000000000001,0.12000000000000001,0.022727272727272724,0.6152086906803887,5,1,130,MEDIUM,Apply 10-15% discount,7
0.5533333333333333,0.11,0.011363636363636364,0.5823327615780445,6,1,130,HIGH,Apply 25% discount + Send to NGO,7
0.7933333333333333,0.06000000000000001,0.022727272727272724,0.5025728987993139,2,0,109,MEDIUM,Apply 10-15% discount,7
0.4666666666666667,0.9,0.0,0.0414522584333905,4,0,67,HIGH,Apply 25% discount + Send to NGO,3
0.5733333333333334,0.115,0.0,0.7035448827901658,5,1,101,HIGH,Apply 25% discount + Send to NGO,2
0.31999999999999995,0.33,0.09090909090909091,0.144082332761578,0,0,88,LOW,Normal selling,4
0.013333333333333308,0.5800000000000001,0.011363636363636364,0.5148656375071469,1,0,26,HIGH,Apply 25% discount + Send to NGO,0
0.45333333333333337,0.0,0.0,0.6918238993710691,4,0,86,HIGH,Apply 25% discount + Send to NGO,2
0.84,0.14,0.045454545454545456,0.48227558604917087,2,0,108,LOW,Normal selling,7
0.5866666666666667,0.12000000000000001,0.022727272727272724,0.6698113207547169,2,0,91,MEDIUM,Apply 10-15% discount,2
0.6733333333333335,0.0,0.0,0.6357918810748999,6,1,149,HIGH,Apply 25% discount + Send to NGO,2
0.7400000000000001,0.0,0.011363636363636364,0.539451114922813,0,0,93,HIGH,Apply 25% discount + Send to NGO,2
0.9933333333333333,0.14,0.03409090909090909,0.6823899371069182,3,0,141,LOW,Normal selling,7
0.6,0.26,0.6477272727272727,0.7195540308747855,0,0,56,LOW,Normal selling,6
0.19333333333333336,0.31,0.7045454545454546,0.7887364208118924,0,0,31,LOW,Normal selling,6
0.06,0.26,0.045454545454545456,0.44368210405946246,5,1,42,LOW,Normal selling,1
0.19333333333333336,0.5900000000000001,0.022727272727272724,0.5348770726129216,3,0,37,MEDIUM,Apply 10-15% discount,0
0.6,0.22999999999999998,0.5681818181818182,0.7015437392795882,5,1,93,LOW,Normal selling,6
0.2666666666666667,0.49000000000000005,0.03409090909090909,0.335620354488279,6,1,70,LOW,Normal selling,0
0.2533333333333333,0.5850000000000001,0.03409090909090909,0.392795883361921,3,0,33,LOW,Normal selling,0
0.8466666666666668,0.48000000000000004,0.03409090909090909,0.40737564322469977,3,0,102,LOW,Normal selling,0
0.9866666666666667,0.36,0.045454545454545456,0.11606632361349341,5,1,178,LOW,Normal selling,4
0.42666666666666664,0.11,0.011363636363636364,0.15894797026872495,3,0,111,HIGH,Apply 25% discount + Send to NGO,5
0.7333333333333333,0.27999999999999997,0.045454545454545456,0.37449971412235555,4,0,123,LOW,Normal selling,1
0.7800000000000001,0.92,0.0,0.0911949685534591,4,0,99,HIGH,Apply 25% discount + Send to NGO,3
0.4733333333333334,0.285,0.5568181818181819,0.929388221841052,3,0,47,LOW,Normal selling,6
0.5466666666666666,0.135,0.045454545454545456,0.10977701543739278,1,0,100,LOW,Normal selling,5
0.29333333333333333,0.25,0.09090909090909091,0.1575185820468839,6,1,91,LOW,Normal selling,4
1.0,0.09000000000000001,0.045454545454545456,0.5806174957118353,3,0,98,LOW,Normal selling,2
0.22666666666666668,0.05,0.05681818181818181,0.6132075471698113,1,0,67,LOW,Normal selling,2
0.2466666666666667,0.235,0.34090909090909094,0.928244711263579,6,1,53,LOW,Normal selling,6
0.4933333333333334,0.06999999999999999,0.045454545454545456,0.5511720983419096,6,1,81,LOW,Normal selling,2
0.45999999999999996,0.075,0.045454545454545456,0.6180674671240708,6,1,97,LOW,Normal selling,7
0.7999999999999999,0.045,0.022727272727272724,0.6615208690680388,0,0,122,MEDIUM,Apply 10-15% discount,2
0.8466666666666668,0.325,0.09090909090909091,0.13064608347627213,3,0,158,LOW,Normal selling,4
0.21999999999999997,0.06999999999999999,0.022727272727272724,0.6163522012578616,1,0,62,MEDIUM,Apply 10-15% discount,7
0.7133333333333333,0.95,0.0,0.061749571183533435,2,0,71,HIGH,Apply 25% discount + Send to NGO,3
0.84,0.20500000000000002,0.4090909090909091,0.769010863350486,6,1,86,LOW,Normal selling,6
0.4,0.14,0.03409090909090909,0.6034877072612922,0,0,71,LOW,Normal selling,2
0.8533333333333334,0.4,0.10227272727272728,0.1881074899942824,5,1,132,LOW,Normal selling,4
0.8933333333333334,0.545,0.022727272727272724,0.33619210977701536,5,1,116,MEDIUM,Apply 10-15% discount,0
0.14,0.05500000000000001,0.011363636363636364,0.6506575185820468,4,0,54,HIGH,Apply 25% discount + Send to NGO,2
0.15333333333333332,0.9650000000000001,0.0,0.06375071469411091,4,0,36,HIGH,Apply 25% discount + Send to NGO,3
0.053333333333333344,0.195,0.022727272727272724,0.11177815894797025,5,1,52,MEDIUM,Apply 10-15% discount,5
0.7533333333333333,0.19,0.011363636363636364,0.08319039451114921,3,0,117,HIGH,Apply 25% discount + Send to NGO,5
0.2666666666666667,0.05,0.022727272727272724,0.5791881074899943,6,1,58,MEDIUM,Apply 10-15% discount,2
0.2466666666666667,0.09000000000000001,0.011363636363636364,0.6034877072612922,2,0,51,HIGH,Apply 25% discount + Send to NGO,2
0.21999999999999997,0.35,0.022727272727272724,0.2753001715265866,4,0,64,MEDIUM,Apply 10-15% discount,4
0.8666666666666668,0.315,0.07954545454545454,0.11463693539165233,6,1,197,LOW,Normal selling,4
0.28,0.085,0.022727272727272724,0.6300743281875357,1,0,58,MEDIUM,Apply 10-15% discount,7
0.18000000000000005,0.8650000000000001,0.011363636363636364,0.03659233847913093,2,0,44,HIGH,Apply 25% discount + Send to NGO,3
0.0,0.06999999999999999,0.03409090909090909,0.6323613493424813,2,0,30,LOW,Normal selling,2
0.16666666666666663,0.96,0.022727272727272724,0.03802172670097198,0,0,33,MEDIUM,Apply 10-15% discount,3
0.6933333333333335,0.125,0.05681818181818181,0.5491709548313322,3,0,107,LOW,Normal selling,7
0.6333333333333333,0.96,0.011363636363636364,0.093767867352773,5,1,87,HIGH,Apply 25% discount + Send to NGO,3
0.38,0.235,0.375,0.8036020583190394,1,0,58,LOW,Normal selling,6
0.3466666666666667,0.14500000000000002,0.05681818181818181,0.6029159519725558,1,0,62,LOW,Normal selling,2
0.4733333333333334,0.16999999999999998,0.03409090909090909,0.43996569468267577,3,0,101,LOW,Normal selling,1
0.7800000000000001,0.9300000000000002,0.022727272727272724,0.0014293882218410518,5,1,139,MEDIUM,Apply 10-15% discount,3
0.19999999999999996,0.175,0.011363636363636364,0.497427101200686,5,1,104,MEDIUM,Apply 10-15% discount,1
0.88,0.285,0.0,0.7132647226986849,4,0,129,HIGH,Apply 25% discount + Send to NGO,1
0.64,0.10000000000000002,0.03409090909090909,0.5120068610634648,0,0,108,LOW,Normal selling,7
0.2466666666666667,0.92,0.0,0.10606060606060605,6,1,65,HIGH,Apply 25% discount + Send to NGO,3
0.2866666666666666,0.24,0.045454545454545456,0.4093767867352772,5,1,84,LOW,Normal selling,1
0.006666666666666654,0.27,0.045454545454545456,0.26129216695254426,2,0,44,LOW,Normal selling,4
0.21333333333333337,0.25,0.045454545454545456,0.15894797026872495,1,0,79,LOW,Normal selling,4
0.0,0.06000000000000001,0.011363636363636364,0.595197255574614,6,1,36,HIGH,Apply 25% discount + Send to NGO,2
0.30666666666666664,0.91,0.0,0.012292738707833045,1,0,59,HIGH,Apply 25% discount + Send to NGO,3
0.45333333333333337,0.26,0.09090909090909091,0.16066323613493422,4,0,98,LOW,Normal selling,4
0.6933333333333335,0.22499999999999998,0.8522727272727273,0.6283590623213263,0,0,69,LOW,Normal selling,6
0.19999999999999996,0.9750000000000001,0.0,0.0,2,0,40,HIGH,Apply 25% discount + Send to NGO,3
0.15333333333333332,0.5900000000000001,0.05681818181818181,0.42595769010863344,5,1,44,LOW,Normal selling,0
0.30000000000000004,0.96,0.011363636363636364,0.013722126929674098,3,0,54,HIGH,Apply 25% discount + Send to NGO,3
0.12,0.27999999999999997,0.045454545454545456,0.14436821040594622,5,1,72,LOW,Normal selling,4
0.7866666666666667,0.345,0.4772727272727273,0.9728416237850199,2,0,56,LOW,Normal selling,6
0.21999999999999997,0.075,0.03409090909090909,0.5242995997712979,2,0,44,LOW,Normal selling,2
0.2466666666666667,0.115,0.0,0.6072041166380788,5,1,64,HIGH,Apply 25% discount + Send to NGO,7
0.31999999999999995,0.8550000000000001,0.0,0.008862206975414521,4,0,75,HIGH,Apply 25% discount + Send to NGO,3
0.7533333333333333,0.06999999999999999,0.011363636363636364,0.5305889079473984,6,1,148,HIGH,Apply 25% discount + Send to NGO,2
0.9066666666666666,0.8750000000000001,0.022727272727272724,0.016009148084619777,0,0,115,MEDIUM,Apply 10-15% discount,3
0.82,0.25,0.03409090909090909,0.21012006861063462,0,0,179,LOW,Normal selling,4
0.8533333333333334,0.265,0.07954545454545454,0.21412235563178955,1,0,160,LOW,Normal selling,4
0.09333333333333332,0.14500000000000002,0.022727272727272724,0.1383647798742138,1,0,50,MEDIUM,Apply 10-15% discount,5
0.06,1.0,0.011363636363636364,0.06375071469411091,5,1,42,HIGH,Apply 25% discount + Send to NGO,3
0.30666666666666664,0.345,0.5340909090909091,0.6460834762721555,5,1,35,LOW,Normal selling,6
0.5533333333333333,0.92,0.0,0.03602058319039451,0,0,93,HIGH,Apply 25% discount + Send to NGO,3
0.2466666666666667,0.135,0.022727272727272724,0.14208118925100055,2,0,74,MEDIUM,Apply 10-15% discount,5
0.21333333333333337,0.105,0.0,0.6921097770154373,5,1,60,HIGH,Apply 25% discount + Send to NGO,7
0.7066666666666667,0.09500000000000001,0.045454545454545456,0.577472841623785,0,0,89,LOW,Normal selling,2
0.053333333333333344,0.08,0.011363636363636364,0.7029731275014294,5,1,47,HIGH,Apply 25% discount + Send to NGO,2
0.84,0.16999999999999998,0.03409090909090909,0.5254431103487707,1,0,125,LOW,Normal selling,7
0.08000000000000002,0.20500000000000002,0.875,0.9096626643796454,4,0,32,LOW,Normal selling,6
0.30666666666666664,0.19,0.022727272727272724,0.10148656375071467,6,1,71,MEDIUM,Apply 10-15% discount,5
0.3666666666666667,0.51,0.022727272727272724,0.5620354488279017,6,1,67,MEDIUM,Apply 10-15% discount,0
0.16666666666666663,0.22499999999999998,0.022727272727272724,0.36849628359062314,0,0,50,MEDIUM,Apply 10-15% discount,1
0.33999999999999997,0.22499999999999998,0.0,0.7061177815894797,3,0,64,HIGH,Apply 25% discount + Send to NGO,1
0.23333333333333328,0.31,0.5909090909090909,0.9619782732990279,4,0,42,LOW,Normal selling,6
0.33999999999999997,0.185,0.022727272727272724,0.4588336192109776,0,0,64,MEDIUM,Apply 10-15% discount,7
0.23333333333333328,0.06999999999999999,0.05681818181818181,0.6029159519725558,4,0,47,LOW,Normal selling,2
0.36,0.195,0.03409090909090909,0.13178959405374496,6,1,87,LOW,Normal selling,5
0.22666666666666668,0.55,0.03409090909090909,0.3504859919954259,3,0,41,LOW,Normal selling,0
0.41333333333333333,0.18,0.011363636363636364,0.5334476843910806,2,0,88,HIGH,Apply 25% discount + Send to NGO,1
0.5466666666666666,0.51,0.03409090909090909,0.2955974842767295,4,0,70,LOW,Normal selling,0
0.14666666666666667,0.09500000000000001,0.05681818181818181,0.596626643796455,2,0,46,LOW,Normal selling,2
0.4866666666666667,0.97,0.022727272727272724,0.05002858776443681,2,0,66,MEDIUM,Apply 10-15% discount,3
0.7266666666666667,0.255,0.0,0.6423670668953687,3,0,96,HIGH,Apply 25% discount + Send to NGO,1
0.66,0.24,0.7840909090909092,0.7338479130931961,5,1,99,LOW,Normal selling,6
0.32666666666666666,0.06999999999999999,0.05681818181818181,0.5457404230989137,6,1,105,LOW,Normal selling,7
0.8266666666666668,0.9,0.0,0.11349342481417951,5,1,129,HIGH,Apply 25% discount + Send to NGO,3
0.06,0.20500000000000002,0.03409090909090909,0.10177244139508287,3,0,37,LOW,Normal selling,5
0.9866666666666667,0.15000000000000002,0.022727272727272724,0.5608919382504287,6,1,172,MEDIUM,Apply 10-15% discount,7
0.32666666666666666,0.105,0.03409090909090909,0.6858204688393367,6,1,88,LOW,Normal selling,7
0.2866666666666666,0.20500000000000002,0.8068181818181819,0.8070325900514579,5,1,50,LOW,Normal selling,6
0.6533333333333333,0.105,0.0,0.6863922241280731,4,0,103,HIGH,Apply 25% discount + Send to NGO,7
0.8333333333333334,0.075,0.03409090909090909,0.6583762149799884,4,0,111,LOW,Normal selling,2
0.5466666666666666,0.265,0.022727272727272724,0.3830760434534019,4,0,78,MEDIUM,Apply 10-15% discount,1
0.56,0.245,0.7613636363636364,0.758147512864494,2,0,51,LOW,Normal selling,6
0.03999999999999998,0.255,0.011363636363636364,0.5428816466552315,4,0,37,HIGH,Apply 25% discount + Send to NGO,1
0.2733333333333333,0.45,0.045454545454545456,0.46598056032018287,0,0,55,LOW,Normal selling,0
0.6933333333333335,0.3,0.07954545454545454,0.2538593481989708,0,0,96,LOW,Normal selling,4
0.8933333333333334,0.135,0.03409090909090909,0.7026872498570611,2,0,86,LOW,Normal selling,2
0.9800000000000001,0.56,0.0,0.487993138936535,1,0,101,HIGH,Apply 25% discount + Send to NGO,0
0.9600000000000001,0.15000000000000002,0.0,0.678101772441395,3,0,115,HIGH,Apply 25% discount + Send to NGO,2
0.8666666666666668,0.12000000000000001,0.011363636363636364,0.5714694110920525,5,1,102,HIGH,Apply 25% discount + Send to NGO,2
0.7733333333333333,0.125,0.05681818181818181,0.516295025728988,1,0,129,LOW,Normal selling,7
0.19333333333333336,0.545,0.045454545454545456,0.2901658090337335,5,1,53,LOW,Normal selling,0
0.9466666666666667,0.24,0.011363636363636364,0.05860491709548313,4,0,107,HIGH,Apply 25% discount + Send to NGO,5
0.9866666666666667,0.125,0.03409090909090909,0.5777587192681531,0,0,121,LOW,Normal selling,7
0.7133333333333333,0.8550000000000001,0.0,0.08090337335620353,4,0,119,HIGH,Apply 25% discount + Send to NGO,3
0.11333333333333334,0.16499999999999998,0.022727272727272724,0.5746140651801028,3,0,53,MEDIUM,Apply 10-15% discount,1
0.4,0.5700000000000001,0.022727272727272724,0.5168667810177243,0,0,48,MEDIUM,Apply 10-15% discount,0
0.7666666666666667,0.185,0.011363636363636364,0.07232704402515722,0,0,99,HIGH,Apply 25% discount + Send to NGO,5
0.7200000000000001,0.075,0.03409090909090909,0.6572327044025157,0,0,94,LOW,Normal selling,2
0.3666666666666667,0.25,0.7272727272727273,0.7798742138364779,6,1,65,LOW,Normal selling,6
0.12,0.34,0.5,0.5726129216695254,3,0,23,LOW,Normal selling,6
0.6866666666666666,0.915,0.0,0.0886220697541452,1,0,71,HIGH,Apply 25% discount + Send to NGO,3
0.84,0.235,0.5568181818181819,0.5886220697541452,4,0,87,LOW,Normal selling,6
0.92,0.91,0.0,0.07547169811320753,2,0,122,HIGH,Apply 25% discount + Send to NGO,3
0.7266666666666667,0.5650000000000001,0.03409090909090909,0.297598627787307,4,0,62,LOW,Normal selling,0
0.16666666666666663,0.13,0.05681818181818181,0.5623213264722698,4,0,47,LOW,Normal selling,2
0.7133333333333333,0.47500000000000003,0.03409090909090909,0.33876500857632924,6,1,110,LOW,Normal selling,0
0.20666666666666667,0.255,0.0,0.6815323041738136,4,0,49,HIGH,Apply 25% discount + Send to NGO,1
0.5333333333333333,0.08,0.03409090909090909,0.5051457975986278,5,1,111,LOW,Normal selling,7
0.8933333333333334,0.34,0.5454545454545455,0.6640937678673526,1,0,87,LOW,Normal selling,6
0.84,0.185,0.0,0.5911949685534591,4,0,81,HIGH,Apply 25% discount + Send to NGO,7
0.21333333333333337,0.555,0.011363636363636364,0.5711835334476844,6,1,44,HIGH,Apply 25% discount + Send to NGO,0
0.17333333333333334,0.5900000000000001,0.03409090909090909,0.4419668381932532,5,1,48,LOW,Normal selling,0
0.3466666666666667,0.285,0.875,0.8033161806746711,2,0,42,LOW,Normal selling,6
0.9333333333333335,0.24,0.03409090909090909,0.10148656375071467,6,1,163,LOW,Normal selling,5
0.2866666666666666,0.185,0.0,0.09090909090909088,1,0,57,HIGH,Apply 25% discount + Send to NGO,5
0.30666666666666664,0.06000000000000001,0.022727272727272724,0.46397941680960536,5,1,69,MEDIUM,Apply 10-15% discount,7
0.16666666666666663,0.295,0.045454545454545456,0.47570040022870197,2,0,55,LOW,Normal selling,1
0.9066666666666666,0.195,0.0,0.14208118925100055,5,1,148,HIGH,Apply 25% discount + Send to NGO,5
0.6266666666666667,0.395,0.05681818181818181,0.1632361349342481,2,0,114,LOW,Normal selling,4
0.6666666666666666,0.13,0.022727272727272724,0.6806746712407089,6,1,125,MEDIUM,Apply 10-15% discount,7
0.033333333333333326,0.03,0.045454545454545456,0.5751858204688393,4,0,40,LOW,Normal selling,2
0.8466666666666668,0.245,0.022727272727272724,0.06861063464837049,6,1,117,MEDIUM,Apply 10-15% discount,5
0.6466666666666667,0.15500000000000003,0.03409090909090909,0.0803316180674671,3,0,91,LOW,Normal selling,5
0.54,0.175,0.045454545454545456,0.072041166380789,2,0,110,LOW,Normal selling,5
0.3866666666666667,0.47000000000000003,0.05681818181818181,0.4499714122355631,4,0,74,LOW,Normal selling,0
0.10666666666666663,0.115,0.03409090909090909,0.1463693539165237,3,0,61,LOW,Normal selling,5
0.7600000000000001,0.245,0.0,0.07061177815894795,5,1,104,HIGH,Apply 25% discount + Send to NGO,5
0.32666666666666666,0.5000000000000001,0.06818181818181818,0.297598627787307,6,1,57,LOW,Normal selling,0
0.41333333333333333,0.5850000000000001,0.05681818181818181,0.41995425957690097,3,0,46,LOW,Normal selling,0
0.8733333333333334,0.27999999999999997,0.045454545454545456,0.18667810177244135,2,0,143,LOW,Normal selling,4
0.6733333333333335,0.05,0.045454545454545456,0.48627787307032583,4,0,106,LOW,Normal selling,7
0.33333333333333337,0.395,0.045454545454545456,0.25042881646655224,2,0,73,LOW,Normal selling,4
0.36,0.27,0.05681818181818181,0.24642652944539734,4,0,71,LOW,Normal selling,4
0.10666666666666663,0.085,0.03409090909090909,0.5365923384791309,5,1,46,LOW,Normal selling,7
0.8866666666666666,0.27999999999999997,0.7727272727272727,0.5900514579759862,1,0,85,LOW,Normal selling,6
0.7400000000000001,0.21499999999999997,0.03409090909090909,0.1463693539165237,6,1,102,LOW,Normal selling,5
0.18666666666666665,0.105,0.0,0.15494568324757,3,0,77,HIGH,Apply 25% discount + Send to NGO,5
0.7066666666666667,0.49500000000000005,0.0,0.5125786163522013,0,0,102,HIGH,Apply 25% discount + Send to NGO,0
0.5533333333333333,0.9,0.0,0.014008004574042308,2,0,82,HIGH,Apply 25% discount + Send to NGO,3
0.6466666666666667,0.20500000000000002,0.8636363636363636,0.6923956546598056,3,0,83,LOW,Normal selling,6
0.2533333333333333,0.15000000000000002,0.0,0.14379645511720981,2,0,58,HIGH,Apply 25% discount + Send to NGO,5
0.28,0.10000000000000002,0.022727272727272724,0.6020583190394511,4,0,48,MEDIUM,Apply 10-15% discount,2
0.88,0.21000000000000002,0.0,0.16409376786735275,4,0,109,HIGH,Apply 25% discount + Send to NGO,5
0.7333333333333333,0.15000000000000002,0.03409090909090909,0.7066895368782161,0,0,85,LOW,Normal selling,2
0.4866666666666667,0.355,0.06818181818181818,0.25414522584333904,3,0,69,LOW,Normal selling,4
0.14,0.27999999999999997,0.06818181818181818,0.21040594625500283,3,0,48,LOW,Normal selling,4
0.88,0.895,0.011363636363636364,0.020583190394511144,2,0,130,HIGH,Apply 25% discount + Send to NGO,3
0.44666666666666666,0.085,0.045454545454545456,0.6546598056032018,0,0,56,LOW,Normal selling,2
0.6733333333333335,0.06500000000000002,0.03409090909090909,0.5857632933104631,5,1,109,LOW,Normal selling,7
0.09333333333333332,0.255,0.0,0.6214979988564894,3,0,48,HIGH,Apply 25% discount + Send to NGO,1
0.44666666666666666,0.35,0.10227272727272728,0.16723842195540306,0,0,103,LOW,Normal selling,4
0.6066666666666667,0.6000000000000001,0.022727272727272724,0.5368782161234991,2,0,72,MEDIUM,Apply 10-15% discount,0
0.5800000000000001,0.10000000000000002,0.045454545454545456,0.4328187535734705,2,0,109,LOW,Normal selling,7
0.053333333333333344,0.8800000000000001,0.0,0.05631789594053744,1,0,38,HIGH,Apply 25% discount + Send to NGO,3
0.33333333333333337,0.14,0.022727272727272724,0.6397941680960548,2,0,58,MEDIUM,Apply 10-15% discount,2
0.019999999999999962,0.15500000000000003,0.011363636363636364,0.13121783876500853,6,1,40,HIGH,Apply 25% discount + Send to NGO,5
0.7333333333333333,0.51,0.011363636363636364,0.5291595197255574,6,1,93,HIGH,Apply 25% discount + Send to NGO,0
0.3466666666666667,0.35,0.6136363636363636,0.6323613493424813,3,0,39,LOW,Normal selling,6
0.82,0.8700000000000001,0.022727272727272724,0.02287021154945683,6,1,142,MEDIUM,Apply 10-15% discount,3
0.11333333333333334,0.31,0.5454545454545455,0.959405374499714,3,0,27,LOW,Normal selling,6
0.8333333333333334,0.335,0.10227272727272728,0.12893081761006286,4,0,116,LOW,Normal selling,4
0.5,0.95,0.011363636363636364,0.08604917095483132,0,0,74,HIGH,Apply 25% discount + Send to NGO,3
0.5,0.9300000000000002,0.022727272727272724,0.017724413950829042,4,0,85,MEDIUM,Apply 10-15% discount,3
0.5266666666666667,0.31,0.7159090909090909,0.7072612921669524,2,0,50,LOW,Normal selling,6
0.7800000000000001,0.16000000000000003,0.045454545454545456,0.4093767867352772,2,0,146,LOW,Normal selling,1
0.6866666666666666,0.25,0.022727272727272724,0.10720411663807887,1,0,74,MEDIUM,Apply 10-15% discount,5
0.2666666666666667,0.24,0.03409090909090909,0.16609491137793023,2,0,56,LOW,Normal selling,5
0.6533333333333333,0.13,0.011363636363636364,0.60863350485992,6,1,113,HIGH,Apply 25% discount + Send to NGO,2
0.08000000000000002,0.27999999999999997,0.8977272727272728,0.9777015437392795,3,0,22,LOW,Normal selling,6
